0 , 535 , 0 , 174 , 28.9767 , 202.977 , 339 , 14820 , 64 , 24
1 , 796 , 1 , 3455 , 7.35887e+195 , 7.35887e+195 , 3954 , 11520 , 69 , 17
2 , 746 , 2 , 1.79769e+308 , 1.79769e+308 , 1.79769e+308 , 1643 , 12253 , 76 , 16
3 , 827 , 3 , 10 , 1.54009e-051 , 10 , 1239 , 10542 , 99 , 8
4 , 447 , 4 , 7 , 0 , 7 , 1956 , 12454 , 116 , 9
5 , 517 , 5 , 7 , 3.8175e-054 , 7 , 3367 , 11558 , 108 , 8
6 , 101 , 6 , 0 , 0 , 0 , 130 , 14756 , 60 , 26
7 , 158 , 7 , 3 , -30 , -27 , 1916 , 11278 , 105 , 9
8 , 393 , 8 , 6 , 7.9849e-030 , 6 , 94 , 13189 , 127 , 9
9 , 399 , 9 , 2 , 0 , 2 , 1353 , 12694 , 119 , 8
10 , 390 , 10 , 4 , 16 , 20 , 1114 , 11285 , 105 , 9
11 , 490 , 11 , 10 , 0 , 10 , 631 , 14108 , 147 , 9
12 , 804 , 12 , 3720 , 450 , 4170 , 4149 , 11251 , 57 , 17
13 , 235 , 13 , 5 , 17 , 22 , 895 , 13910 , 138 , 8
14 , 457 , 14 , 9 , 0.000911882 , 9.00091 , 3912 , 11091 , 103 , 8
15 , 540 , 15 , 4.53745e+266 , 4.53745e+266 , 9.0749e+266 , 733 , 12160 , 75 , 16
16 , 928 , 16 , 5 , 22 , 27 , 340 , 13711 , 134 , 8
17 , 539 , 17 , 7 , 0 , 7 , 922 , 13917 , 138 , 8
18 , 768 , 18 , 1395 , 1395 , 2790 , 1472 , 14165 , 49 , 24
19 , 207 , 19 , 8 , 0 , 8 , 4563 , 10402 , 95 , 9
20 , 678 , 20 , 23 , 129 , 152 , 100 , 13881 , 56 , 26
21 , 519 , 21 , 1 , 1.58042e-061 , 1 , 206 , 14632 , 151 , 8
22 , 36 , 22 , 30.1299 , 30.1299 , 60.2598 , 212 , 14096 , 61 , 25
23 , 824 , 23 , 4 , -24 , -20 , 2786 , 12018 , 113 , 8
24 , 870 , 24 , 30.9345 , 30.9345 , 61.8689 , 328 , 14405 , 58 , 26
25 , 800 , 25 , 1.79769e+308 , 1.79769e+308 , 1.79769e+308 , 4431 , 14919 , 61 , 27
26 , 454 , 26 , 2 , 9.46263e-057 , 2 , 1319 , 13030 , 122 , 8
27 , 582 , 28 , 2 , -13 , -11 , 725 , 13737 , 134 , 8
28 , 797 , 29 , 32.2506 , 32.2506 , 64.5012 , 3913 , 14843 , 68 , 24
29 , 4 , 30 , 278 , 2.05273e+186 , 2.05273e+186 , 756 , 12946 , 79 , 17
30 , 270 , 31 , 7 , 129 , 136 , 100 , 14460 , 144 , 9
31 , 991 , 32 , 3153 , 3153 , 6306 , 3125 , 14884 , 70 , 26
32 , 626 , 33 , 182 , 24.0259 , 206.026 , 622 , 11558 , 64 , 18
33 , 401 , 34 , 54.5982 , 54.5982 , 109.196 , 58 , 10366 , 49 , 17
34 , 40 , 35 , 6 , 0 , 6 , 1310 , 12055 , 114 , 9
35 , 514 , 36 , 2 , 0 , 2 , 441 , 11652 , 109 , 9
36 , 781 , 37 , 110 , 29.7707 , 139.771 , 271 , 14743 , 63 , 25
37 , 423 , 38 , 8.18942e+231 , 8.18942e+231 , 1.63788e+232 , 649 , 14274 , 63 , 27
38 , 327 , 39 , 36 , 36 , 72 , 151 , 14591 , 59 , 27
39 , 446 , 40 , 1938 , 3.75971e+184 , 3.75971e+184 , 2401 , 11838 , 69 , 17
40 , 51 , 41 , 5.6028e-009 , 5.6028e-009 , 1.12056e-008 , 147 , 12956 , 85 , 16
41 , 573 , 42 , 2 , 86 , 88 , 547 , 12398 , 112 , 9
42 , 449 , 43 , 1 , 5.30172e-065 , 1 , 1704 , 11896 , 109 , 8
43 , 869 , 44 , 23.0076 , 23.0076 , 46.0152 , 1203 , 12779 , 77 , 16
44 , 243 , 45 , 2 , 0 , 2 , 2905 , 10705 , 100 , 9
45 , 168 , 46 , 7 , 8.53305e-017 , 7 , 1668 , 12615 , 116 , 9
46 , 505 , 47 , 1638 , 23.0379 , 1661.04 , 2088 , 13097 , 79 , 17
47 , 894 , 49 , 119 , 488 , 607 , 591 , 11019 , 51 , 17
48 , 269 , 50 , 752 , 752 , 1504 , 787 , 12130 , 69 , 16
49 , 919 , 51 , 1.79769e+308 , 1.79769e+308 , 1.79769e+308 , 1590 , 14771 , 56 , 24
50 , 564 , 52 , 23.3375 , 23.3375 , 46.6751 , 321 , 12354 , 72 , 18
51 , 992 , 53 , 150 , 2.26833e+070 , 2.26833e+070 , 347 , 14075 , 90 , 18
52 , 651 , 54 , 2531 , 2531 , 5062 , 2520 , 14814 , 58 , 26
53 , 664 , 55 , 4002 , 4002 , 8004 , 4020 , 14839 , 58 , 26
54 , 722 , 56 , 4 , 2.77963e-086 , 4 , 2469 , 9872 , 81 , 9
55 , 462 , 57 , 5.12717e+064 , 5.12717e+064 , 1.02543e+065 , 309 , 12939 , 77 , 16
56 , 412 , 58 , 7 , 0 , 7 , 1168 , 13599 , 130 , 8
57 , 131 , 59 , 439 , 553 , 992 , 959 , 12063 , 69 , 17
58 , 374 , 60 , 8 , 0 , 8 , 1133 , 13619 , 130 , 8
59 , 525 , 61 , 4 , 75 , 79 , 87 , 14330 , 146 , 8
60 , 391 , 62 , 3 , 7.58256e-010 , 3 , 942 , 10407 , 86 , 8
61 , 245 , 63 , 31.1759 , 31.1759 , 62.3517 , 631 , 14715 , 61 , 25
62 , 875 , 64 , 71 , 368 , 439 , 414 , 14839 , 51 , 26
63 , 611 , 65 , 4 , 8.28596e-083 , 4 , 2021 , 12737 , 115 , 8
64 , 170 , 66 , 403.429 , 403.429 , 806.858 , 84 , 14862 , 50 , 25
65 , 366 , 67 , 7 , -33 , -26 , 1226 , 12947 , 119 , 8
66 , 154 , 68 , 5 , 8.75651e-027 , 5 , 3088 , 11853 , 109 , 9
67 , 589 , 69 , 3 , 7.55582e-086 , 3 , 3513 , 11153 , 99 , 9
68 , 105 , 70 , 4042 , 415 , 4457 , 4416 , 10787 , 49 , 17
69 , 148 , 71 , 33.4702 , 33.4702 , 66.9404 , 1943 , 14641 , 56 , 26
70 , 867 , 72 , 24.8824 , 24.8824 , 49.7649 , 1190 , 12207 , 70 , 18
71 , 773 , 74 , 1.79769e+308 , 1.79769e+308 , 1.79769e+308 , 4884 , 14892 , 61 , 25
72 , 492 , 75 , 3 , 49 , 52 , 978 , 11385 , 104 , 9
73 , 316 , 76 , 296 , 23.9865 , 319.986 , 697 , 14355 , 90 , 18
74 , 209 , 77 , 7 , 0 , 7 , 327 , 13910 , 139 , 9
75 , 541 , 78 , 929 , 929 , 1858 , 1015 , 12257 , 68 , 16
76 , 671 , 79 , 1.79769e+308 , 1.79769e+308 , 1.79769e+308 , 2669 , 14743 , 57 , 27
77 , 518 , 80 , 1 , 0 , 1 , 3435 , 11196 , 99 , 9
78 , 328 , 81 , 8 , 0 , 8 , 246 , 14014 , 134 , 8
79 , 247 , 82 , 22.1759 , 22.1759 , 44.3517 , 573 , 11593 , 56 , 16
80 , 464 , 83 , 33.4723 , 33.4723 , 66.9447 , 833 , 14610 , 50 , 27
81 , 0 , 84 , 287 , 524 , 811 , 812 , 12815 , 76 , 17
82 , 265 , 85 , 4 , 0 , 4 , 240 , 10018 , 80 , 8
83 , 289 , 86 , 129 , 129 , 258 , 211 , 10930 , 50 , 18
84 , 889 , 87 , 9 , 3.25749e-070 , 9 , 2322 , 12357 , 113 , 8
85 , 19 , 88 , 650 , 650 , 1300 , 729 , 12582 , 69 , 16
86 , 559 , 89 , 1038 , 1.82408e+193 , 1.82408e+193 , 1567 , 13785 , 80 , 17
87 , 548 , 90 , 72 , 152 , 224 , 180 , 13490 , 86 , 17
88 , 490 , 91 , 7 , -47 , -40 , 417 , 14275 , 139 , 9
89 , 637 , 92 , 19.0445 , 19.0445 , 38.089 , 97 , 14729 , 96 , 16
90 , 226 , 93 , 23.2186 , 23.2186 , 46.4372 , 626 , 11037 , 49 , 17
91 , 865 , 94 , 10 , 87 , 97 , 3368 , 11495 , 103 , 8
92 , 859 , 95 , 2 , 0 , 2 , 4671 , 9889 , 72 , 8
93 , 771 , 96 , 22.7358 , 22.7358 , 45.4716 , 904 , 14793 , 96 , 16
94 , 53 , 97 , 7 , -42 , -35 , 1603 , 12419 , 114 , 9
95 , 205 , 98 , 673 , 673 , 1346 , 718 , 14621 , 89 , 17
96 , 692 , 99 , 8 , 0 , 8 , 705 , 13345 , 124 , 9
97 , 703 , 101 , 10 , 1.18506e-027 , 10 , 362 , 11038 , 99 , 8
98 , 716 , 102 , 5 , 11 , 16 , 299 , 11741 , 105 , 9
99 , 581 , 103 , 20.8918 , 20.8918 , 41.7836 , 113 , 13669 , 86 , 17
100 , 659 , 104 , 939 , 939 , 1878 , 958 , 14681 , 89 , 17
101 , 658 , 105 , 3.47916e+214 , 3.47916e+214 , 6.95831e+214 , 779 , 11194 , 48 , 16
102 , 96 , 107 , 943 , 943 , 1886 , 952 , 12813 , 69 , 16
103 , 208 , 108 , 585 , 585 , 1170 , 561 , 14729 , 90 , 18
104 , 169 , 109 , 761 , 453 , 1214 , 1216 , 12433 , 63 , 17
105 , 544 , 110 , 1.79769e+308 , 1.79769e+308 , 1.79769e+308 , 2608 , 14548 , 81 , 17
106 , 434 , 111 , 1080 , 23.1442 , 1103.14 , 1565 , 13649 , 78 , 17
107 , 952 , 112 , 2349 , 502 , 2851 , 2850 , 11763 , 52 , 18
108 , 993 , 113 , 215 , 3.58491e+009 , 3.58491e+009 , 253 , 12384 , 63 , 16
109 , 483 , 114 , 0 , 0 , 0 , 81 , 12890 , 70 , 17
110 , 982 , 115 , 2068 , 5.49853e+153 , 5.49853e+153 , 2451 , 12692 , 69 , 17
111 , 345 , 116 , 23.4785 , 23.4785 , 46.957 , 725 , 13101 , 71 , 17
112 , 256 , 117 , 5 , 0 , 5 , 62 , 13729 , 126 , 8
113 , 162 , 118 , 1.54554e+025 , 1.54554e+025 , 3.09108e+025 , 176 , 10308 , 40 , 18
114 , 732 , 119 , 5 , 5.30172e-065 , 5 , 554 , 11417 , 99 , 9
115 , 89 , 120 , 117 , 1.15482e-017 , 117 , 129 , 14128 , 80 , 17
116 , 861 , 121 , 78 , 1.10441e+155 , 1.10441e+155 , 463 , 13935 , 79 , 17
117 , 832 , 122 , 707 , 707 , 1414 , 691 , 13241 , 76 , 17
118 , 280 , 123 , 7 , 0 , 7 , 3118 , 11637 , 103 , 8
119 , 392 , 124 , 3 , 1.33361e-034 , 3 , 3861 , 10031 , 72 , 8
120 , 471 , 125 , 71 , 71 , 142 , 206 , 12264 , 62 , 16
121 , 125 , 126 , 1195 , 543 , 1738 , 1690 , 13487 , 77 , 17
122 , 349 , 128 , 1.79769e+308 , 1.79769e+308 , 1.79769e+308 , 1120 , 11391 , 49 , 17
123 , 700 , 130 , 8 , -39 , -31 , 1640 , 12868 , 111 , 8
124 , 936 , 131 , 165 , 20.5264 , 185.526 , 246 , 10204 , 32 , 17
125 , 362 , 132 , 24.2064 , 24.2064 , 48.4128 , 1512 , 12307 , 63 , 17
126 , 288 , 133 , 10 , 0 , 10 , 232 , 13984 , 131 , 9
127 , 285 , 134 , 1 , 8.07451e-073 , 1 , 1906 , 10263 , 81 , 9
128 , 657 , 135 , 5 , 42 , 47 , 38 , 14489 , 138 , 8
129 , 480 , 136 , 7 , 0 , 7 , 355 , 13487 , 123 , 8
130 , 511 , 137 , 560 , 560 , 1120 , 596 , 10926 , 48 , 18
131 , 171 , 138 , 8 , 2.93748e-030 , 8 , 2179 , 11676 , 104 , 9
132 , 428 , 140 , 354 , 354 , 708 , 369 , 10545 , 35 , 18
133 , 818 , 141 , 283 , 23.2257 , 306.226 , 544 , 13453 , 80 , 18
134 , 586 , 142 , 256 , 22.9296 , 278.93 , 675 , 13153 , 70 , 17
135 , 822 , 143 , 10 , 59 , 69 , 2208 , 10488 , 88 , 8
136 , 702 , 144 , 39 , 39 , 78 , 110 , 14470 , 87 , 16
137 , 724 , 145 , 4 , 2.50657e-046 , 4 , 782 , 10793 , 87 , 9
138 , 617 , 146 , 84 , 23.193 , 107.193 , 269 , 12872 , 70 , 18
139 , 911 , 147 , 1309 , 2.19365e+199 , 2.19365e+199 , 1820 , 11676 , 54 , 16
140 , 261 , 148 , 2277 , 1.68201e+147 , 1.68201e+147 , 2671 , 11987 , 52 , 18
141 , 524 , 149 , 10 , -5 , 5 , 2977 , 10002 , 88 , 9
142 , 826 , 151 , 1 , 0 , 1 , 743 , 10101 , 73 , 9
143 , 295 , 152 , 1.79769e+308 , 1.79769e+308 , 1.79769e+308 , 3041 , 14504 , 87 , 16
144 , 479 , 153 , 4 , 0 , 4 , 103 , 14337 , 134 , 8
145 , 303 , 154 , 3 , 1.40438e-054 , 3 , 501 , 12429 , 110 , 9
146 , 204 , 156 , 2 , 1.22975e-080 , 2 , 995 , 10325 , 81 , 9
147 , 762 , 158 , 419 , 439 , 858 , 803 , 14188 , 80 , 18
148 , 410 , 159 , 24.1602 , 24.1602 , 48.3205 , 3705 , 13702 , 76 , 16
149 , 12 , 160 , 5.29875e+206 , 5.29875e+206 , 1.05975e+207 , 591 , 10910 , 40 , 17
150 , 343 , 161 , 755 , 755 , 1510 , 789 , 13016 , 69 , 17
151 , 998 , 164 , 1.27991e+214 , 1.27991e+214 , 2.55982e+214 , 560 , 12743 , 63 , 16
152 , 654 , 165 , 205 , 21.1109 , 226.111 , 331 , 11861 , 55 , 17
153 , 728 , 166 , 9 , 107 , 116 , 2161 , 12498 , 109 , 8
154 , 239 , 167 , 8 , 1.28063e-057 , 8 , 180 , 13705 , 123 , 9
155 , 429 , 168 , 24.1645 , 24.1645 , 48.329 , 3617 , 14673 , 87 , 16
156 , 563 , 169 , 271 , 271 , 542 , 325 , 13990 , 78 , 17
157 , 477 , 170 , 1.79769e+308 , 1.79769e+308 , 1.79769e+308 , 3374 , 14704 , 87 , 16
158 , 277 , 171 , 3 , -41 , -38 , 31 , 14133 , 130 , 8
159 , 629 , 172 , 5.41834e+120 , 5.41834e+120 , 1.08367e+121 , 442 , 11210 , 48 , 18
160 , 133 , 173 , 684 , 1.66335e+190 , 1.66335e+190 , 1169 , 13815 , 77 , 17
161 , 988 , 175 , 3 , 0 , 3 , 319 , 13030 , 111 , 8
162 , 74 , 176 , 1.79769e+308 , 1.79769e+308 , 1.79769e+308 , 3106 , 14747 , 87 , 16
163 , 914 , 177 , 8 , 68 , 76 , 2683 , 11839 , 103 , 8
164 , 475 , 179 , 3138 , 22.8435 , 3160.84 , 3527 , 11564 , 42 , 17
165 , 535 , 180 , 4117 , 499 , 4616 , 4651 , 10877 , 33 , 16
166 , 595 , 181 , 1.022e+185 , 1.022e+185 , 2.04399e+185 , 609 , 11806 , 49 , 17
167 , 642 , 183 , 2 , 2.93748e-030 , 2 , 1932 , 11578 , 101 , 9
168 , 820 , 184 , 1.31882e+009 , 1.31882e+009 , 2.63763e+009 , 285 , 13243 , 69 , 17
169 , 578 , 186 , 1.79769e+308 , 1.79769e+308 , 1.79769e+308 , 4288 , 14460 , 78 , 16
170 , 485 , 188 , 4 , -42 , -38 , 142 , 14214 , 131 , 9
171 , 816 , 190 , 4246 , 2.46863e+192 , 2.46863e+192 , 4745 , 10491 , 81 , 9
172 , 123 , 191 , 82 , 0 , 82 , 89 , 14486 , 79 , 17
173 , 739 , 192 , 25.8256 , 25.8256 , 51.6513 , 2704 , 14201 , 79 , 18
174 , 689 , 193 , 4213 , 400 , 4613 , 4628 , 10507 , 81 , 9
175 , 549 , 195 , 4.4555e+157 , 4.4555e+157 , 8.91101e+157 , 528 , 12809 , 63 , 17
176 , 745 , 196 , 1052 , 1052 , 2104 , 999 , 14516 , 78 , 16
177 , 632 , 197 , 2783 , 408 , 3191 , 3174 , 11730 , 42 , 17
178 , 45 , 198 , 1517 , 1517 , 3034 , 1560 , 13036 , 65 , 18
179 , 335 , 199 , 24.593 , 24.593 , 49.1861 , 958 , 13840 , 77 , 18
180 , 361 , 200 , 190 , 190 , 380 , 221 , 11948 , 49 , 17
181 , 340 , 201 , 3702 , 5.79029e+133 , 5.79029e+133 , 4029 , 10533 , 80 , 8
182 , 895 , 202 , 1.79769e+308 , 1.79769e+308 , 1.79769e+308 , 1122 , 12158 , 55 , 17
183 , 997 , 203 , 3 , 35 , 38 , 2103 , 11941 , 104 , 9
184 , 959 , 204 , 6 , 0 , 6 , 968 , 13759 , 123 , 8
185 , 621 , 205 , 24.0242 , 24.0242 , 48.0484 , 3123 , 13371 , 68 , 16
186 , 596 , 206 , 1172 , 1172 , 2344 , 1165 , 14096 , 77 , 17
187 , 975 , 207 , 4 , 53 , 57 , 1753 , 11667 , 100 , 8
188 , 52 , 208 , 5.32048e+011 , 5.32048e+011 , 1.0641e+012 , 244 , 12920 , 62 , 16
189 , 906 , 209 , 1 , 0 , 1 , 1852 , 12676 , 109 , 8
190 , 482 , 210 , 218 , 1.11286e+036 , 1.11286e+036 , 346 , 14139 , 77 , 17
191 , 17 , 211 , 8 , 2.97045e-073 , 8 , 58 , 13391 , 115 , 8
192 , 248 , 212 , 292 , 495 , 787 , 778 , 13659 , 70 , 17
193 , 793 , 215 , 6 , 0 , 6 , 591 , 13205 , 112 , 9
194 , 481 , 216 , 183 , 2.23525e+037 , 2.23525e+037 , 279 , 12085 , 48 , 16
195 , 650 , 217 , 1.15011e+178 , 1.15011e+178 , 2.30021e+178 , 524 , 11893 , 42 , 17
196 , 151 , 218 , 2831 , 1.94243e+130 , 1.94243e+130 , 3196 , 11197 , 34 , 17
197 , 974 , 219 , 19.6391 , 19.6391 , 39.2781 , 86 , 12504 , 61 , 17
198 , 782 , 220 , 1175 , 15.1506 , 1190.15 , 1719 , 10812 , 89 , 9
199 , 119 , 221 , 1349 , 3.90147e+131 , 3.90147e+131 , 1686 , 13114 , 58 , 18
200 , 456 , 222 , 2.79934e+066 , 2.79934e+066 , 5.59868e+066 , 366 , 12327 , 56 , 18
201 , 177 , 223 , 10 , 67 , 77 , 3764 , 10637 , 81 , 9
202 , 255 , 224 , 21.2257 , 21.2257 , 42.4515 , 315 , 13805 , 69 , 16
203 , 503 , 225 , 2 , 6.71418e-079 , 2 , 4220 , 10165 , 79 , 8
204 , 709 , 226 , 194 , 1.48938e+078 , 1.48938e+078 , 390 , 12636 , 61 , 17
205 , 610 , 228 , 26.2063 , 26.2063 , 52.4126 , 3834 , 13858 , 71 , 18
206 , 318 , 229 , 518 , 22.9375 , 540.938 , 920 , 11567 , 40 , 17
207 , 175 , 230 , 106 , 1 , 107 , 120 , 12783 , 51 , 17
208 , 965 , 231 , 3 , 99 , 102 , 1121 , 12811 , 110 , 9
209 , 495 , 232 , 6 , 2.74879e-043 , 6 , 1026 , 10906 , 89 , 9
210 , 215 , 233 , 2635 , 453 , 3088 , 3108 , 11899 , 36 , 17
211 , 562 , 234 , 1.79769e+308 , 1.79769e+308 , 1.79769e+308 , 3914 , 14403 , 77 , 17
212 , 849 , 235 , 5 , 0 , 5 , 286 , 13523 , 116 , 9
213 , 908 , 236 , 1.79769e+308 , 1.79769e+308 , 1.79769e+308 , 3584 , 14223 , 77 , 18
214 , 937 , 237 , 21.7095 , 21.7095 , 43.4191 , 338 , 14239 , 76 , 17
215 , 675 , 239 , 0 , 0 , 0 , 212 , 10526 , 73 , 9
216 , 962 , 240 , 36 , 1.12075e+188 , 1.12075e+188 , 552 , 14449 , 77 , 17
217 , 863 , 242 , 2 , 394 , 396 , 353 , 14455 , 78 , 18
218 , 237 , 243 , 7 , 0 , 7 , 404 , 10032 , 72 , 9
219 , 109 , 244 , 172 , 85 , 257 , 252 , 13064 , 58 , 18
220 , 796 , 245 , 4435 , 406 , 4841 , 4845 , 10540 , 72 , 8
221 , 779 , 246 , 23.5715 , 23.5715 , 47.1429 , 2062 , 14276 , 75 , 16
222 , 968 , 247 , 8 , 0 , 8 , 828 , 12154 , 103 , 8
223 , 711 , 249 , 84 , 4.85165e+008 , 4.85165e+008 , 144 , 13290 , 62 , 16
224 , 567 , 250 , 1.79769e+308 , 1.79769e+308 , 1.79769e+308 , 3970 , 14202 , 70 , 16
225 , 458 , 251 , 24.9921 , 24.9921 , 49.9842 , 1310 , 13310 , 64 , 18
226 , 84 , 252 , 1643 , 501 , 2144 , 2179 , 12027 , 36 , 17
227 , 953 , 253 , 1394 , 1394 , 2788 , 1531 , 14040 , 70 , 17
228 , 196 , 254 , 9 , 0 , 9 , 3960 , 10576 , 72 , 8
229 , 266 , 255 , 960 , 23.0474 , 983.047 , 1414 , 13149 , 57 , 17
230 , 321 , 256 , 7 , 0 , 7 , 146 , 13597 , 116 , 9
231 , 178 , 257 , 2324 , 471 , 2795 , 2824 , 12060 , 36 , 17
232 , 93 , 258 , 9 , 1.13798e-050 , 9 , 117 , 12698 , 109 , 9
233 , 580 , 259 , 2586 , 6.88616e+182 , 6.88616e+182 , 3025 , 11774 , 41 , 18
234 , 603 , 261 , 1.27991e+214 , 1.27991e+214 , 2.55982e+214 , 553 , 13901 , 68 , 16
235 , 350 , 262 , 291 , 448 , 739 , 771 , 11814 , 41 , 18
236 , 592 , 263 , 6.88616e+182 , 6.88616e+182 , 1.37723e+183 , 465 , 11330 , 33 , 18
237 , 797 , 265 , 3708 , 3708 , 7416 , 3759 , 14854 , 78 , 17
238 , 191 , 266 , 1775 , 1775 , 3550 , 1853 , 11870 , 41 , 18
239 , 838 , 269 , 2095 , 374 , 2469 , 2513 , 12897 , 45 , 18
240 , 390 , 270 , 3 , -66 , -63 , 1281 , 11058 , 89 , 9
241 , 460 , 271 , 226 , 41 , 267 , 281 , 11610 , 40 , 18
242 , 814 , 272 , 1034 , 1034 , 2068 , 1065 , 13518 , 62 , 16
243 , 670 , 273 , 305 , 384 , 689 , 674 , 13128 , 51 , 17
244 , 557 , 274 , 26.1271 , 26.1271 , 52.2542 , 3406 , 14235 , 71 , 18
245 , 426 , 275 , 5.16642e-055 , 5.16642e-055 , 1.03328e-054 , 68 , 12451 , 43 , 18
246 , 784 , 276 , 81 , 22.8021 , 103.802 , 452 , 12656 , 49 , 17
247 , 44 , 277 , 49 , 162755 , 162804 , 98 , 14263 , 70 , 17
248 , 701 , 278 , 4 , 5.38019e-032 , 4 , 279 , 13905 , 120 , 9
249 , 217 , 279 , 0 , 0 , 0 , 23 , 11476 , 32 , 17
250 , 358 , 280 , 1.63909e+157 , 1.63909e+157 , 3.27818e+157 , 566 , 12496 , 41 , 16
251 , 877 , 281 , 4 , 1.60381e-028 , 4 , 1858 , 12314 , 103 , 8
252 , 626 , 282 , 1231 , 388 , 1619 , 1579 , 10509 , 71 , 8
253 , 442 , 285 , 1.79769e+308 , 1.79769e+308 , 1.79769e+308 , 1758 , 13420 , 56 , 16
254 , 296 , 286 , 477 , 477 , 954 , 479 , 14344 , 71 , 18
255 , 846 , 287 , 1792 , 1.70691e+180 , 1.70691e+180 , 2237 , 12356 , 36 , 17
256 , 512 , 289 , 1.79769e+308 , 1.79769e+308 , 1.79769e+308 , 2882 , 14182 , 69 , 17
257 , 2 , 290 , 1125 , 1.18022e+168 , 1.18022e+168 , 1522 , 12388 , 35 , 16
258 , 98 , 291 , 6 , 0 , 6 , 193 , 13969 , 119 , 8
259 , 983 , 292 , 2 , 0 , 2 , 276 , 12157 , 98 , 8
260 , 372 , 293 , 450 , 2.88282e+132 , 2.88282e+132 , 801 , 10953 , 80 , 8
261 , 825 , 294 , 2435 , 13.8377 , 2448.84 , 2789 , 11657 , 94 , 8
262 , 320 , 295 , 1558 , 15.0868 , 1573.09 , 2079 , 11659 , 95 , 9
263 , 223 , 297 , 796 , 796 , 1592 , 798 , 14016 , 64 , 18
264 , 499 , 298 , 80 , 1.76502e+051 , 1.76502e+051 , 202 , 14134 , 65 , 17
265 , 69 , 299 , 3 , 0 , 3 , 278 , 10473 , 79 , 8
266 , 367 , 300 , 316 , 461 , 777 , 766 , 12838 , 49 , 17
267 , 5 , 302 , 10 , 2.19488e-072 , 10 , 376 , 10976 , 81 , 9
268 , 459 , 303 , 1676 , 1676 , 3352 , 1665 , 14045 , 64 , 18
269 , 791 , 304 , 875 , 22.0868 , 897.087 , 1354 , 12355 , 46 , 16
270 , 523 , 305 , 3 , 0 , 3 , 912 , 12797 , 109 , 9
271 , 574 , 306 , 361 , 7.83631e+132 , 7.83631e+132 , 675 , 12176 , 40 , 17
272 , 957 , 307 , 1 , 20 , 21 , 860 , 10796 , 72 , 8
273 , 602 , 309 , 10 , 22 , 32 , 68 , 12906 , 109 , 9
274 , 787 , 310 , 1.79769e+308 , 1.79769e+308 , 1.79769e+308 , 1949 , 14299 , 68 , 16
275 , 225 , 311 , 5 , 74 , 79 , 223 , 11419 , 93 , 8
276 , 644 , 312 , 8 , 0.0183156 , 8.01832 , 1047 , 13327 , 114 , 9
277 , 902 , 313 , 1.79769e+308 , 1.79769e+308 , 1.79769e+308 , 1634 , 12724 , 43 , 18
278 , 7 , 314 , 1404 , 1.21113e+158 , 1.21113e+158 , 1826 , 12937 , 49 , 17
279 , 498 , 315 , 1 , 0 , 1 , 162 , 13341 , 114 , 9
280 , 174 , 316 , 497 , 2.6677e+162 , 2.6677e+162 , 889 , 10640 , 72 , 9
281 , 64 , 317 , 93 , 184 , 277 , 260 , 13580 , 63 , 18
282 , 839 , 318 , 2506 , 2506 , 5012 , 2509 , 14196 , 63 , 17
283 , 945 , 320 , 1.79769e+308 , 1.79769e+308 , 1.79769e+308 , 1146 , 11812 , 32 , 17
284 , 168 , 321 , 1 , -99 , -98 , 3991 , 10169 , 70 , 8
285 , 935 , 322 , 147 , 6.39843e+017 , 6.39843e+017 , 238 , 13438 , 60 , 16
286 , 726 , 323 , 19 , 210 , 229 , 181 , 10373 , 72 , 9
287 , 161 , 324 , 0 , 0 , 0 , 123 , 10579 , 80 , 9
288 , 238 , 327 , 3 , 33 , 36 , 252 , 12285 , 99 , 9
289 , 546 , 328 , 1 , 0 , 1 , 3894 , 10186 , 71 , 9
290 , 837 , 329 , 6 , 0 , 6 , 366 , 13704 , 112 , 9
291 , 922 , 330 , 20.2581 , 20.2581 , 40.5162 , 130 , 13580 , 51 , 17
292 , 840 , 331 , 4 , 5.38019e-032 , 4 , 1321 , 12708 , 104 , 8
293 , 660 , 332 , 1988 , 512 , 2500 , 2477 , 12191 , 33 , 16
294 , 190 , 333 , 23.904 , 23.904 , 47.8079 , 2914 , 13815 , 56 , 16
295 , 244 , 334 , 8 , 3.3057e-037 , 8 , 200 , 12319 , 99 , 9
296 , 749 , 335 , 4 , 7.28129e-033 , 4 , 893 , 12929 , 108 , 8
297 , 102 , 336 , 380 , 6.78573e+149 , 6.78573e+149 , 780 , 12940 , 41 , 16
298 , 986 , 337 , 109 , 109 , 218 , 127 , 11536 , 94 , 9
299 , 558 , 338 , 1008 , 2.00035e+196 , 2.00035e+196 , 1528 , 12257 , 33 , 16
300 , 555 , 339 , 6 , 7.9849e-030 , 6 , 514 , 12342 , 99 , 9
301 , 978 , 341 , 14.0355 , 14.0355 , 28.071 , 534 , 11544 , 93 , 8
302 , 380 , 343 , 5 , 79 , 84 , 548 , 10639 , 80 , 9
303 , 769 , 344 , 0 , 0 , 0 , 116 , 11357 , 89 , 9
304 , 211 , 345 , 3 , 23 , 26 , 1649 , 12263 , 100 , 8
305 , 65 , 346 , 189 , 1.28516e+019 , 1.28516e+019 , 319 , 13603 , 60 , 16
306 , 326 , 348 , 3.66582e-077 , 3.66582e-077 , 7.33164e-077 , 23 , 12312 , 34 , 17
307 , 990 , 349 , 7 , 8.31529e-007 , 7 , 925 , 11667 , 86 , 8
308 , 457 , 350 , 8 , -72 , -64 , 3170 , 11668 , 86 , 8
309 , 879 , 351 , 61 , 1.5338e+144 , 1.5338e+144 , 447 , 10765 , 71 , 8
310 , 160 , 352 , 25.2226 , 25.2226 , 50.4451 , 3906 , 14136 , 63 , 17
311 , 921 , 353 , 3978 , 3978 , 7956 , 4136 , 14143 , 63 , 17
312 , 271 , 354 , 524 , 460 , 984 , 966 , 13252 , 49 , 17
313 , 300 , 355 , 264 , 1.04138e+023 , 1.04138e+023 , 340 , 10480 , 72 , 9
314 , 898 , 359 , 3143 , 3143 , 6286 , 3283 , 14659 , 70 , 18
315 , 77 , 361 , 623 , 13.7236 , 636.724 , 942 , 11491 , 78 , 8
316 , 176 , 362 , 2 , 2.03109e-042 , 2 , 95 , 12399 , 98 , 8
317 , 929 , 364 , 211 , 152 , 363 , 392 , 12785 , 47 , 17
318 , 212 , 366 , 3.54513e+052 , 3.54513e+052 , 7.09026e+052 , 288 , 10298 , 70 , 8
319 , 807 , 368 , 3 , 7.1751e-066 , 3 , 205 , 13109 , 109 , 9
320 , 500 , 370 , 23.9838 , 23.9838 , 47.9676 , 1280 , 13806 , 51 , 17
321 , 58 , 371 , 143 , 0 , 143 , 88 , 13110 , 42 , 17
322 , 786 , 373 , 8 , 15 , 23 , 203 , 11010 , 72 , 8
323 , 789 , 374 , 132 , 210 , 342 , 302 , 10211 , 78 , 9
324 , 82 , 375 , 257 , 117 , 374 , 364 , 12617 , 41 , 18
325 , 112 , 376 , 7 , 0 , 7 , 2200 , 11216 , 80 , 8
326 , 249 , 378 , 197 , 1.30418e+052 , 1.30418e+052 , 336 , 13559 , 55 , 17
327 , 68 , 379 , 2 , 0 , 2 , 313 , 11942 , 95 , 9
328 , 609 , 382 , 16.0012 , 16.0012 , 32.0025 , 1192 , 11240 , 81 , 9
329 , 163 , 384 , 295 , 139 , 434 , 385 , 13570 , 55 , 17
330 , 973 , 385 , 206 , 21.124 , 227.124 , 394 , 14088 , 56 , 16
331 , 583 , 386 , 2 , 6.30512e-016 , 2 , 741 , 13066 , 108 , 8
332 , 206 , 387 , 12.6636 , 12.6636 , 25.3271 , 245 , 10553 , 72 , 9
333 , 92 , 389 , 139 , 139 , 278 , 198 , 12405 , 39 , 17
334 , 329 , 390 , 1503 , 14.1633 , 1517.16 , 1985 , 11761 , 86 , 8
335 , 50 , 391 , 7 , 0 , 7 , 93 , 10357 , 70 , 8
336 , 554 , 392 , 9 , 0 , 9 , 415 , 12871 , 104 , 8
337 , 38 , 393 , 7 , 84 , 91 , 1213 , 12872 , 104 , 8
338 , 311 , 394 , 1.79769e+308 , 1.79769e+308 , 1.79769e+308 , 3105 , 13928 , 52 , 18
339 , 960 , 395 , 38 , 14.8406 , 52.8406 , 424 , 11579 , 79 , 9
340 , 370 , 396 , 262 , 12.6821 , 274.682 , 411 , 10278 , 77 , 8
341 , 182 , 398 , 99 , 12.3175 , 111.317 , 252 , 10792 , 79 , 8
342 , 185 , 399 , 25 , 228 , 253 , 229 , 11908 , 94 , 8
343 , 901 , 400 , 53 , 8.06998e+198 , 8.06998e+198 , 575 , 12308 , 90 , 8
344 , 590 , 401 , 452 , 24.1944 , 476.194 , 1037 , 13814 , 45 , 18
345 , 841 , 402 , 24.2834 , 24.2834 , 48.5669 , 1602 , 14022 , 51 , 17
346 , 823 , 403 , 6 , 0 , 6 , 1168 , 11830 , 87 , 9
347 , 338 , 406 , 2 , 2.93748e-030 , 2 , 1402 , 10330 , 78 , 9
348 , 857 , 407 , 4 , 5.10909e-012 , 4 , 172 , 11835 , 87 , 9
349 , 547 , 408 , 3 , 40 , 43 , 357 , 11036 , 87 , 8
350 , 158 , 411 , 1 , -82 , -81 , 2769 , 10432 , 70 , 8
351 , 556 , 412 , 4 , -28 , -24 , 383 , 14151 , 115 , 8
352 , 685 , 413 , 24.9763 , 24.9763 , 49.9527 , 1080 , 12379 , 33 , 18
353 , 900 , 414 , 25.1685 , 25.1685 , 50.337 , 3573 , 13989 , 61 , 17
354 , 536 , 415 , 22.9345 , 22.9345 , 45.8689 , 258 , 14010 , 62 , 18
355 , 452 , 416 , 1.79769e+308 , 1.79769e+308 , 1.79769e+308 , 1499 , 13818 , 55 , 17
356 , 884 , 418 , 4 , 54 , 58 , 2959 , 11071 , 87 , 8
357 , 101 , 419 , 2860 , 2860 , 5720 , 2998 , 14835 , 63 , 17
358 , 868 , 420 , 3.3174e+039 , 3.3174e+039 , 6.6348e+039 , 120 , 11781 , 94 , 9
359 , 289 , 422 , 82 , 82 , 164 , 239 , 10879 , 79 , 8
360 , 753 , 424 , 1158 , 440 , 1598 , 1533 , 12383 , 90 , 8
361 , 687 , 425 , 4.78089e-025 , 4.78089e-025 , 9.56179e-025 , 145 , 11891 , 86 , 8
362 , 306 , 428 , 0 , 0 , 0 , 57 , 11891 , 86 , 8
363 , 803 , 429 , 6 , 0 , 6 , 75 , 11392 , 80 , 8
364 , 55 , 430 , 3 , 0 , 3 , 2456 , 11192 , 73 , 9
365 , 923 , 433 , 8 , 48 , 56 , 466 , 12602 , 98 , 8
366 , 443 , 434 , 8 , 0 , 8 , 174 , 9996 , 69 , 9
367 , 508 , 435 , 371 , 394 , 765 , 731 , 12105 , 95 , 9
368 , 140 , 436 , 4 , 0 , 4 , 315 , 13511 , 109 , 8
369 , 910 , 437 , 1.79769e+308 , 1.79769e+308 , 1.79769e+308 , 2222 , 13700 , 50 , 18
370 , 507 , 439 , 1.5338e+144 , 1.5338e+144 , 3.06759e+144 , 451 , 13403 , 54 , 18
371 , 619 , 442 , 130 , 529 , 659 , 619 , 10507 , 70 , 8
372 , 83 , 443 , 3901 , 3901 , 7802 , 3892 , 13920 , 54 , 16
373 , 809 , 446 , 196 , 196 , 392 , 206 , 10516 , 70 , 8
374 , 693 , 447 , 4 , 4.35961e-028 , 4 , 89 , 11422 , 81 , 9
375 , 91 , 448 , 382 , 465 , 847 , 825 , 13540 , 42 , 17
376 , 714 , 449 , 8.21841e+307 , 8.21841e+307 , 1.64368e+308 , 938 , 13751 , 50 , 18
377 , 812 , 450 , 532 , 13.7838 , 545.784 , 884 , 11032 , 71 , 8
378 , 129 , 451 , 3.17436e-060 , 3.17436e-060 , 6.34872e-060 , 37 , 10935 , 80 , 9
379 , 971 , 452 , 24.8437 , 24.8437 , 49.6875 , 1104 , 13562 , 43 , 18
380 , 985 , 453 , 8 , 0 , 8 , 849 , 13052 , 105 , 9
381 , 156 , 454 , 5.03176e+226 , 5.03176e+226 , 1.00635e+227 , 621 , 13288 , 47 , 17
382 , 334 , 458 , 23.6343 , 23.6343 , 47.2687 , 2278 , 13794 , 48 , 16
383 , 299 , 462 , 5 , 64 , 69 , 2190 , 11659 , 88 , 8
384 , 708 , 463 , 149 , 6.83767e+030 , 6.83767e+030 , 267 , 10259 , 70 , 9
385 , 673 , 465 , -23 , -23 , -46 , 159 , 12915 , 33 , 16
386 , 885 , 466 , 966 , 966 , 1932 , 1004 , 13317 , 47 , 17
387 , 202 , 467 , 6.11911e+189 , 6.11911e+189 , 1.22382e+190 , 456 , 10562 , 70 , 8
388 , 521 , 469 , 21.7095 , 21.7095 , 43.4191 , 154 , 13338 , 47 , 17
389 , 314 , 471 , 4 , 0 , 4 , 536 , 11480 , 80 , 8
390 , 887 , 472 , 4 , 24 , 28 , 3287 , 10484 , 77 , 8
391 , 733 , 473 , 1.79769e+308 , 1.79769e+308 , 1.79769e+308 , 2395 , 13673 , 43 , 18
392 , 730 , 474 , 32 , 502 , 534 , 576 , 12997 , 34 , 17
393 , 976 , 478 , 3 , 1.28063e-057 , 3 , 172 , 12416 , 99 , 8
394 , 282 , 479 , 7 , 7.55582e-086 , 7 , 231 , 13420 , 108 , 8
395 , 470 , 480 , 4.18405e+220 , 4.18405e+220 , 8.3681e+220 , 633 , 11014 , 79 , 8
396 , 873 , 482 , 1.79769e+308 , 1.79769e+308 , 1.79769e+308 , 796 , 11722 , 88 , 8
397 , 932 , 483 , 263 , 3.69181e+075 , 3.69181e+075 , 440 , 12229 , 95 , 9
398 , 400 , 485 , 874 , 3.90147e+131 , 3.90147e+131 , 1256 , 11326 , 73 , 9
399 , 115 , 486 , 386 , 5.22147e+173 , 5.22147e+173 , 829 , 12934 , 104 , 9
400 , 276 , 488 , 1063 , 579 , 1642 , 1546 , 12435 , 99 , 8
401 , 368 , 489 , 238 , 238 , 476 , 371 , 12759 , 32 , 17
402 , 305 , 492 , 2 , 0 , 2 , 1881 , 10133 , 69 , 9
403 , 758 , 494 , 2.51403e+301 , 2.51403e+301 , 5.02806e+301 , 815 , 11337 , 73 , 9
404 , 640 , 495 , 6 , 2.78947e-010 , 6 , 1274 , 10138 , 69 , 9
405 , 572 , 496 , 165 , 14.9506 , 179.951 , 597 , 11140 , 72 , 9
406 , 322 , 498 , 14.7499 , 14.7499 , 29.4999 , 876 , 12046 , 86 , 8
407 , 278 , 499 , 1725 , 15.0822 , 1740.08 , 2192 , 11748 , 89 , 9
408 , 649 , 500 , 15.8405 , 15.8405 , 31.6811 , 1156 , 12050 , 87 , 9
409 , 848 , 501 , 9 , -17 , -8 , 1859 , 10848 , 72 , 9
410 , 645 , 503 , 520 , 434 , 954 , 864 , 12254 , 94 , 8
411 , 738 , 504 , 2485 , 2485 , 4970 , 2566 , 13501 , 46 , 16
412 , 587 , 505 , 3 , 0 , 3 , 3523 , 10156 , 68 , 8
413 , 455 , 506 , 3.75971e+184 , 3.75971e+184 , 7.51943e+184 , 491 , 11370 , 73 , 9
414 , 931 , 508 , 5 , 70 , 75 , 1753 , 10572 , 77 , 8
415 , 513 , 509 , 1.79769e+308 , 1.79769e+308 , 1.79769e+308 , 1931 , 13841 , 42 , 17
416 , 543 , 510 , 2638 , 2638 , 5276 , 2725 , 13748 , 52 , 16
417 , 240 , 511 , 177 , 446 , 623 , 539 , 12989 , 104 , 9
418 , 227 , 513 , 14.3699 , 14.3699 , 28.7398 , 619 , 10880 , 71 , 8
419 , 705 , 517 , 20 , 1.63331e+081 , 1.63331e+081 , 281 , 10582 , 77 , 8
420 , 520 , 520 , 144 , 144 , 288 , 214 , 10179 , 69 , 9
421 , 994 , 521 , 2355 , 533 , 2888 , 2832 , 11388 , 73 , 9
422 , 915 , 522 , 49 , 22.8752 , 71.8752 , 211 , 13273 , 46 , 18
423 , 111 , 523 , 1 , 0 , 1 , 2300 , 11393 , 72 , 8
424 , 199 , 524 , 22 , 144 , 166 , 114 , 12299 , 94 , 8
425 , 138 , 525 , 4 , 0 , 4 , 724 , 12802 , 99 , 9
426 , 577 , 526 , 1089 , 15.0544 , 1104.05 , 1527 , 12101 , 87 , 9
427 , 593 , 528 , 38 , 12.852 , 50.852 , 211 , 11504 , 92 , 8
428 , 104 , 529 , 1.79769e+308 , 1.79769e+308 , 1.79769e+308 , 1659 , 13610 , 48 , 18
429 , 132 , 531 , 4 , 13 , 17 , 936 , 10910 , 71 , 8
430 , 324 , 532 , 122 , 0 , 122 , 63 , 10710 , 71 , 9
431 , 413 , 533 , 128 , 128 , 256 , 286 , 13430 , 41 , 18
432 , 824 , 534 , 9 , -44 , -35 , 4832 , 10023 , 68 , 9
433 , 236 , 535 , 2 , 61 , 63 , 68 , 13453 , 108 , 8
434 , 717 , 536 , 2 , 22.2781 , 24.2781 , 207 , 13473 , 40 , 17
435 , 601 , 538 , 6 , 53 , 59 , 1202 , 10740 , 71 , 9
436 , 342 , 540 , 22.9108 , 22.9108 , 45.8216 , 487 , 12791 , 26 , 17
437 , 847 , 541 , 376 , 376 , 752 , 350 , 12156 , 87 , 9
438 , 608 , 542 , 212 , 15.1696 , 227.17 , 744 , 10954 , 72 , 9
439 , 94 , 543 , 10 , 45 , 55 , 1025 , 12360 , 95 , 9
440 , 871 , 544 , 1851 , 14.1291 , 1865.13 , 2314 , 11256 , 71 , 8
441 , 467 , 545 , 23.4866 , 23.4866 , 46.9732 , 1853 , 13316 , 33 , 16
442 , 669 , 546 , 2956 , 482 , 3438 , 3436 , 10760 , 70 , 8
443 , 32 , 547 , 0 , 0 , 0 , 96 , 13326 , 35 , 18
444 , 661 , 550 , 157 , 13.0626 , 170.063 , 342 , 12577 , 99 , 8
445 , 187 , 551 , 1545 , 1545 , 3090 , 1573 , 12578 , 99 , 8
446 , 331 , 552 , 331 , 331 , 662 , 369 , 10775 , 70 , 8
447 , 594 , 553 , 419 , 1.9493e+206 , 1.9493e+206 , 921 , 10775 , 71 , 9
448 , 47 , 554 , 6 , 41 , 47 , 1724 , 11477 , 73 , 9
449 , 504 , 555 , 74 , 1.0148e+033 , 1.0148e+033 , 159 , 13548 , 41 , 18
450 , 332 , 556 , 6 , 0 , 6 , 3506 , 10075 , 67 , 8
451 , 834 , 557 , 14.4052 , 14.4052 , 28.8105 , 649 , 12385 , 94 , 8
452 , 964 , 558 , 10 , 0 , 10 , 39 , 12588 , 99 , 8
453 , 436 , 560 , 20.0855 , 20.0855 , 40.1711 , 96 , 10687 , 77 , 8
454 , 676 , 561 , 2375 , 469 , 2844 , 2811 , 10793 , 71 , 9
455 , 890 , 562 , 1.79769e+308 , 1.79769e+308 , 1.79769e+308 , 1406 , 13610 , 39 , 16
456 , 42 , 565 , 9.08157e+191 , 9.08157e+191 , 1.81631e+192 , 557 , 12214 , 86 , 8
457 , 417 , 566 , 4 , 55 , 59 , 2640 , 10010 , 63 , 9
458 , 173 , 569 , 327 , 327 , 654 , 318 , 10310 , 68 , 8
459 , 33 , 570 , 20.0855 , 20.0855 , 40.1711 , 76 , 13828 , 46 , 16
460 , 718 , 571 , 49 , 57 , 106 , 43 , 11020 , 72 , 9
461 , 90 , 573 , 355 , 13.8972 , 368.897 , 744 , 13132 , 103 , 8
462 , 893 , 574 , 2572 , 418 , 2990 , 2936 , 10622 , 69 , 8
463 , 622 , 575 , 1.79769e+308 , 1.79769e+308 , 1.79769e+308 , 967 , 12231 , 86 , 8
464 , 396 , 577 , 923 , 427 , 1350 , 1298 , 12232 , 86 , 8
465 , 463 , 578 , 24.4782 , 24.4782 , 48.9563 , 1916 , 13456 , 34 , 17
466 , 883 , 580 , 480 , 480 , 960 , 525 , 11438 , 87 , 8
467 , 403 , 582 , 122 , 292 , 414 , 340 , 12144 , 93 , 8
468 , 522 , 583 , 6 , 0 , 6 , 4055 , 10134 , 68 , 9
469 , 113 , 585 , 2717 , 1.66335e+190 , 1.66335e+190 , 3177 , 10539 , 69 , 8
470 , 134 , 586 , 0 , 0 , 0 , 130 , 12248 , 86 , 8
471 , 210 , 587 , 308 , 15.1442 , 323.144 , 781 , 12750 , 91 , 9
472 , 469 , 588 , 103 , 1.48938e+078 , 1.48938e+078 , 293 , 12355 , 94 , 8
473 , 446 , 589 , 1523 , 427 , 1950 , 1886 , 12253 , 87 , 9
474 , 37 , 592 , 23.5454 , 23.5454 , 47.0908 , 2029 , 13699 , 39 , 16
475 , 979 , 594 , 15.8896 , 15.8896 , 31.7792 , 1024 , 11555 , 73 , 9
476 , 114 , 595 , 200 , 200 , 400 , 303 , 13706 , 40 , 17
477 , 778 , 596 , 451 , 4.95837e+193 , 4.95837e+193 , 945 , 12268 , 86 , 8
478 , 891 , 598 , 137 , 17 , 154 , 140 , 13230 , 32 , 17
479 , 876 , 602 , 1.79769e+308 , 1.79769e+308 , 1.79769e+308 , 3066 , 12980 , 98 , 8
480 , 750 , 604 , 1580 , 13.9108 , 1593.91 , 1985 , 11377 , 71 , 8
481 , 927 , 605 , 78 , 78 , 156 , 152 , 11781 , 80 , 8
482 , 273 , 608 , 22 , 13.124 , 35.124 , 203 , 10781 , 77 , 8
483 , 388 , 609 , 2219 , 14.073 , 2233.07 , 2723 , 11583 , 72 , 8
484 , 291 , 610 , 918 , 918 , 1836 , 987 , 12489 , 94 , 8
485 , 352 , 611 , 12.8675 , 12.8675 , 25.7351 , 154 , 12197 , 93 , 8
486 , 488 , 615 , 5 , 83 , 88 , 661 , 12906 , 100 , 8
487 , 386 , 616 , 181 , 15.0403 , 196.04 , 607 , 13506 , 104 , 9
488 , 180 , 617 , 6.76179e+073 , 6.76179e+073 , 1.35236e+074 , 217 , 11804 , 81 , 9
489 , 707 , 619 , 176 , -94 , 82 , 69 , 10901 , 70 , 8
490 , 409 , 622 , 6 , 5.58304e-085 , 6 , 1019 , 10201 , 67 , 8
491 , 445 , 623 , 6 , -5 , 1 , 594 , 10205 , 67 , 8
492 , 620 , 624 , 163 , 163 , 326 , 184 , 12215 , 93 , 8
493 , 418 , 626 , 9 , 14 , 23 , 112 , 13027 , 98 , 8
494 , 435 , 628 , 580 , 580 , 1160 , 652 , 10620 , 69 , 8
495 , 571 , 630 , 43 , 170 , 213 , 159 , 12026 , 89 , 9
496 , 638 , 632 , 146 , 14.2311 , 160.231 , 356 , 12027 , 89 , 9
497 , 186 , 634 , 4 , 1.3839e-087 , 4 , 790 , 12032 , 89 , 9
498 , 667 , 637 , 23.3081 , 23.3081 , 46.6162 , 644 , 13150 , 26 , 17
499 , 805 , 639 , 7 , 9.35762e-014 , 7 , 1178 , 12539 , 95 , 9
500 , 696 , 641 , 2215 , 2215 , 4430 , 2200 , 12539 , 94 , 8
501 , 747 , 642 , 13.687 , 13.687 , 27.374 , 418 , 11538 , 87 , 8
502 , 103 , 643 , 9 , 7.47197e-043 , 9 , 130 , 9941 , 61 , 8
503 , 942 , 646 , 2.03828e+034 , 2.03828e+034 , 4.07656e+034 , 256 , 11146 , 71 , 8
504 , 56 , 648 , 1.79769e+308 , 1.79769e+308 , 1.79769e+308 , 2279 , 12350 , 87 , 9
505 , 431 , 649 , 2520 , 13.7137 , 2533.71 , 2851 , 11148 , 71 , 8
506 , 607 , 652 , 15.2086 , 15.2086 , 30.4172 , 575 , 12054 , 89 , 9
507 , 387 , 657 , 29 , 36 , 65 , 94 , 13405 , 33 , 18
508 , 892 , 658 , 1.69489e+028 , 1.69489e+028 , 3.38978e+028 , 79 , 11661 , 72 , 8
509 , 345 , 660 , 255 , 255 , 510 , 291 , 13070 , 98 , 8
510 , 615 , 661 , 4 , 2.78947e-010 , 4 , 2513 , 10664 , 69 , 8
511 , 116 , 662 , 162755 , 162755 , 325510 , 172 , 11666 , 72 , 8
512 , 765 , 665 , 4 , 0 , 4 , 57 , 10667 , 70 , 9
513 , 87 , 668 , 49 , 13.9698 , 62.9698 , 263 , 10467 , 69 , 9
514 , 625 , 670 , 6 , 85 , 91 , 531 , 13278 , 103 , 8
515 , 934 , 671 , 873 , 508 , 1381 , 1326 , 12173 , 78 , 8
516 , 43 , 672 , 9 , 0 , 9 , 192 , 10873 , 77 , 8
517 , 164 , 673 , 1613 , 558 , 2171 , 2110 , 11472 , 72 , 9
518 , 981 , 674 , 15.1974 , 15.1974 , 30.3949 , 1363 , 11877 , 80 , 8
519 , 250 , 675 , 250 , 94 , 344 , 279 , 10473 , 68 , 8
520 , 972 , 678 , 15.0936 , 15.0936 , 30.1871 , 545 , 12082 , 89 , 9
521 , 600 , 679 , 16.3112 , 16.3112 , 32.6224 , 1564 , 12990 , 101 , 9
522 , 97 , 680 , 431 , 15.1334 , 446.133 , 933 , 13589 , 104 , 9
523 , 48 , 682 , 373 , 5.79029e+133 , 5.79029e+133 , 690 , 12887 , 90 , 8
524 , 854 , 683 , 806 , 571 , 1377 , 1327 , 12595 , 95 , 9
525 , 451 , 684 , 15.9783 , 15.9783 , 31.9566 , 2983 , 13001 , 100 , 8
526 , 336 , 686 , 56 , 56 , 112 , 35 , 11895 , 81 , 9
527 , 259 , 688 , 21 , 583 , 604 , 546 , 12098 , 89 , 9
528 , 155 , 689 , 21 , 254 , 275 , 230 , 10394 , 70 , 8
529 , 216 , 693 , 20.6728 , 20.6728 , 41.3457 , 166 , 13687 , 38 , 16
530 , 302 , 694 , 334 , 415 , 749 , 696 , 11499 , 72 , 9
531 , 933 , 695 , 2779 , 15.0259 , 2794.03 , 3228 , 10706 , 70 , 9
532 , 14 , 696 , 8 , 8.19401e-040 , 8 , 2543 , 10911 , 78 , 9
533 , 531 , 697 , 9 , 0 , 9 , 3175 , 10311 , 67 , 8
534 , 106 , 701 , 10 , 0 , 10 , 725 , 10512 , 69 , 9
535 , 110 , 702 , 8 , 6.30512e-016 , 8 , 226 , 11214 , 72 , 9
536 , 100 , 704 , 133 , 5.52108e-042 , 133 , 76 , 10015 , 62 , 9
537 , 301 , 705 , 10 , 9.8139e+161 , 9.8139e+161 , 434 , 11922 , 80 , 8
538 , 713 , 706 , 8 , 9.08666e-080 , 8 , 788 , 11425 , 80 , 9
539 , 694 , 707 , 133 , 565 , 698 , 663 , 10821 , 69 , 8
540 , 195 , 708 , 387 , 387 , 774 , 343 , 13337 , 104 , 9
541 , 844 , 712 , 228 , 212 , 440 , 378 , 12537 , 95 , 9
542 , 330 , 714 , 1461 , 538 , 1999 , 1994 , 11932 , 81 , 9
543 , 987 , 715 , 8 , 0 , 8 , 228 , 10230 , 63 , 9
544 , 614 , 716 , 809 , 809 , 1618 , 805 , 11934 , 80 , 8
545 , 995 , 718 , -16 , -16 , -32 , 26 , 11935 , 81 , 9
546 , 107 , 719 , 171 , 1.40935e+022 , 1.40935e+022 , 245 , 10734 , 69 , 8
547 , 920 , 720 , 1300 , 1300 , 2600 , 1330 , 12641 , 95 , 9
548 , 668 , 723 , 61 , 53 , 114 , 81 , 10040 , 61 , 8
549 , 207 , 724 , 7 , -67 , -60 , 4294 , 10541 , 68 , 8
550 , 756 , 725 , 1.79769e+308 , 1.79769e+308 , 1.79769e+308 , 3459 , 13390 , 25 , 16
551 , 448 , 727 , 1.79769e+308 , 1.79769e+308 , 1.79769e+308 , 1173 , 11660 , 87 , 8
552 , 377 , 729 , 1.79769e+308 , 1.79769e+308 , 1.79769e+308 , 1135 , 12364 , 93 , 8
553 , 432 , 730 , 10 , 1.73314e-058 , 10 , 98 , 11961 , 81 , 9
554 , 378 , 731 , 209 , 502 , 711 , 635 , 12462 , 87 , 9
555 , 801 , 732 , 569 , 13.7236 , 582.724 , 906 , 11961 , 80 , 8
556 , 62 , 734 , 8.19401e-040 , 8.19401e-040 , 1.6388e-039 , 7 , 10961 , 78 , 9
557 , 384 , 736 , 104 , 5.49853e+153 , 5.49853e+153 , 475 , 12262 , 79 , 9
558 , 731 , 737 , 2824 , 2824 , 5648 , 2974 , 13169 , 98 , 8
559 , 598 , 740 , 4 , 1.95039e-065 , 4 , 32 , 11266 , 71 , 8
560 , 551 , 742 , 4 , 2.4426e-036 , 4 , 40 , 11468 , 80 , 9
561 , 415 , 743 , 121 , 39 , 160 , 108 , 11066 , 71 , 9
562 , 604 , 744 , 86 , 12.4998 , 98.4998 , 269 , 10568 , 68 , 8
563 , 529 , 747 , 5.66567e-052 , 5.66567e-052 , 1.13313e-051 , 60 , 13182 , 98 , 8
564 , 181 , 749 , 571 , 571 , 1142 , 542 , 12386 , 94 , 9
565 , 453 , 751 , 82 , -11 , 71 , 25 , 10380 , 68 , 9
566 , 26 , 754 , 9.67077e+128 , 9.67077e+128 , 1.93415e+129 , 453 , 11283 , 71 , 8
567 , 538 , 755 , 1141 , 14.0403 , 1155.04 , 1572 , 11490 , 79 , 8
568 , 243 , 757 , 7 , -56 , -49 , 710 , 12901 , 99 , 8
569 , 666 , 758 , 281 , 1.79748e+160 , 1.79748e+160 , 689 , 10594 , 68 , 8
570 , 281 , 759 , 1.79769e+308 , 1.79769e+308 , 1.79769e+308 , 2077 , 12204 , 89 , 9
571 , 845 , 760 , 2 , 0 , 2 , 2713 , 10600 , 68 , 8
572 , 742 , 762 , 223 , 1.26124e+181 , 1.26124e+181 , 654 , 11605 , 71 , 8
573 , 853 , 764 , 1480 , 1480 , 2960 , 1410 , 12713 , 94 , 8
574 , 502 , 765 , 790 , 9.95915e+194 , 9.95915e+194 , 1315 , 10811 , 70 , 9
575 , 357 , 767 , 0 , 0 , 0 , 31 , 13223 , 99 , 9
576 , 19 , 770 , 200 , 200 , 400 , 359 , 12523 , 87 , 9
577 , 706 , 771 , 490 , 551 , 1041 , 973 , 12322 , 79 , 9
578 , 371 , 772 , 744 , 744 , 1488 , 660 , 12933 , 100 , 9
579 , 764 , 774 , 29 , 14.1358 , 43.1358 , 228 , 10835 , 70 , 9
580 , 307 , 776 , 1.79769e+308 , 1.79769e+308 , 1.79769e+308 , 1429 , 12558 , 86 , 8
581 , 252 , 778 , 54 , 54 , 108 , 112 , 10856 , 70 , 9
582 , 85 , 781 , 1.79769e+308 , 1.79769e+308 , 1.79769e+308 , 1420 , 12561 , 87 , 9
583 , 821 , 786 , 97 , 172 , 269 , 254 , 11770 , 88 , 9
584 , 813 , 787 , 76 , 0 , 76 , 22 , 11869 , 72 , 8
585 , 60 , 788 , 194 , 428 , 622 , 586 , 10672 , 69 , 9
586 , 553 , 789 , 102 , 102 , 204 , 270 , 11174 , 70 , 8
587 , 258 , 790 , 9 , 7.20049e+010 , 7.20049e+010 , 35 , 10674 , 68 , 8
588 , 347 , 791 , 7 , 0 , 7 , 1468 , 11583 , 80 , 9
589 , 836 , 792 , 1 , 0 , 1 , 130 , 10382 , 63 , 9
590 , 530 , 799 , 229 , 14.8435 , 243.844 , 593 , 13093 , 91 , 9
591 , 444 , 800 , 236 , 143 , 379 , 318 , 11796 , 87 , 8
592 , 407 , 801 , 254 , 254 , 508 , 321 , 10490 , 68 , 9
593 , 697 , 802 , 168 , 1.48938e+078 , 1.48938e+078 , 371 , 11599 , 79 , 8
594 , 197 , 803 , 5.01401e+150 , 5.01401e+150 , 1.0028e+151 , 482 , 12603 , 86 , 8
595 , 298 , 807 , 5 , 1.22975e-080 , 5 , 1642 , 10496 , 67 , 8
596 , 710 , 808 , 8 , -8 , 0 , 363 , 11803 , 87 , 8
597 , 31 , 809 , 6 , 0 , 6 , 54 , 10198 , 61 , 8
598 , 427 , 810 , 1.78482e+008 , 1.78482e+008 , 3.56965e+008 , 77 , 10401 , 63 , 9
599 , 49 , 811 , 1 , 0 , 1 , 2790 , 10408 , 62 , 8
600 , 683 , 812 , 524 , 2.05273e+186 , 2.05273e+186 , 1007 , 10708 , 69 , 9
601 , 76 , 813 , 460 , 3.90147e+131 , 3.90147e+131 , 811 , 10709 , 69 , 9
602 , 586 , 817 , 1294 , 432 , 1726 , 1691 , 12115 , 80 , 8
603 , 996 , 818 , 10 , 1.77853e-068 , 10 , 1053 , 10914 , 69 , 8
604 , 200 , 820 , 3 , 5.24289e-022 , 3 , 176 , 11417 , 72 , 9
605 , 746 , 821 , 633 , 633 , 1266 , 756 , 12133 , 80 , 8
606 , 257 , 825 , 557 , 557 , 1114 , 628 , 10731 , 69 , 9
607 , 744 , 826 , 47 , 13.2047 , 60.2047 , 177 , 13043 , 100 , 9
608 , 792 , 829 , 3 , 0 , 3 , 204 , 11237 , 71 , 9
609 , 636 , 830 , 246 , 5.79029e+133 , 5.79029e+133 , 569 , 11241 , 71 , 9
610 , 10 , 832 , 9 , 56 , 65 , 30 , 12148 , 81 , 9
611 , 478 , 834 , 14.8319 , 14.8319 , 29.6638 , 567 , 10545 , 68 , 9
612 , 719 , 835 , 16.769 , 16.769 , 33.5379 , 2430 , 12555 , 94 , 9
613 , 136 , 836 , 2.35385e+017 , 2.35385e+017 , 4.70771e+017 , 157 , 13061 , 100 , 9
614 , 617 , 838 , 92 , 393 , 485 , 420 , 12864 , 94 , 8
615 , 966 , 842 , 882 , 882 , 1764 , 885 , 12167 , 80 , 8
616 , 309 , 844 , 71 , 13.9836 , 84.9836 , 220 , 10971 , 70 , 9
617 , 584 , 846 , 5 , 4.47378e-038 , 5 , 214 , 12176 , 81 , 9
618 , 613 , 853 , 4 , 4.40853e-071 , 4 , 721 , 11984 , 72 , 8
619 , 534 , 856 , 18 , 18 , 36 , 99 , 10291 , 61 , 8
620 , 312 , 857 , 10 , 3.97545e-031 , 10 , 2807 , 10300 , 62 , 9
621 , 373 , 859 , 72 , 156 , 228 , 202 , 10809 , 68 , 8
622 , 767 , 861 , 601 , 1.84455e+150 , 1.84455e+150 , 956 , 12516 , 78 , 8
623 , 3 , 863 , 9 , 384 , 393 , 336 , 10813 , 69 , 9
624 , 911 , 865 , 966 , 425 , 1391 , 1393 , 12019 , 72 , 8
625 , 653 , 868 , 563 , 2.16166e+166 , 2.16166e+166 , 958 , 11518 , 72 , 9
626 , 193 , 869 , 0 , 0 , 0 , 155 , 12926 , 94 , 8
627 , 344 , 873 , 21 , 12.3694 , 33.3694 , 112 , 11222 , 77 , 8
628 , 130 , 875 , 16.1967 , 16.1967 , 32.3934 , 1420 , 12024 , 73 , 9
629 , 419 , 878 , 1.79769e+308 , 1.79769e+308 , 1.79769e+308 , 2424 , 13131 , 100 , 9
630 , 411 , 880 , 10 , 0 , 10 , 243 , 10122 , 61 , 9
631 , 597 , 882 , 206 , 93 , 299 , 279 , 10123 , 60 , 8
632 , 684 , 883 , 13.8889 , 13.8889 , 27.7778 , 513 , 11732 , 79 , 8
633 , 641 , 886 , 24 , 12.7449 , 36.7449 , 186 , 13138 , 99 , 8
634 , 496 , 887 , 570 , 581 , 1151 , 1096 , 12438 , 88 , 8
635 , 28 , 889 , 7 , -41 , -34 , 117 , 10332 , 61 , 8
636 , 465 , 890 , 501 , 501 , 1002 , 465 , 12644 , 94 , 9
637 , 54 , 891 , 10 , 0 , 10 , 128 , 11238 , 78 , 9
638 , 157 , 892 , 3 , -17 , -14 , 939 , 10135 , 61 , 9
639 , 918 , 893 , 411 , 8.37425e+145 , 8.37425e+145 , 784 , 12044 , 72 , 8
640 , 916 , 895 , 122 , -28 , 94 , 34 , 11548 , 72 , 9
641 , 815 , 899 , 8 , 1.54009e-051 , 8 , 2626 , 9953 , 54 , 8
642 , 804 , 900 , 4116 , 418 , 4534 , 4494 , 10855 , 69 , 9
643 , 565 , 901 , 9 , -24 , -15 , 1160 , 11760 , 79 , 8
644 , 253 , 902 , 7.47197e-043 , 7.47197e-043 , 1.49439e-042 , 99 , 10155 , 60 , 8
645 , 203 , 906 , 10 , 0 , 10 , 401 , 11962 , 87 , 8
646 , 149 , 909 , 236 , 4.55606e+071 , 4.55606e+071 , 441 , 12262 , 81 , 9
647 , 999 , 911 , 0 , 0 , 0 , 127 , 12061 , 73 , 9
648 , 759 , 914 , 873 , 14.743 , 887.743 , 1244 , 12269 , 81 , 9
649 , 354 , 916 , 245 , 13.948 , 258.948 , 650 , 12774 , 86 , 8
650 , 817 , 918 , 4 , 3.05902e-007 , 4 , 723 , 10571 , 63 , 9
651 , 552 , 919 , 1.02982e+066 , 1.02982e+066 , 2.05964e+066 , 308 , 11377 , 70 , 8
652 , 220 , 920 , 2 , 4.47378e-038 , 2 , 1989 , 10379 , 61 , 8
653 , 946 , 922 , 31 , 1.05679e+056 , 1.05679e+056 , 187 , 11488 , 86 , 9
654 , 939 , 925 , 10.3026 , 10.3026 , 20.6052 , 193 , 10185 , 60 , 8
655 , 690 , 927 , 3 , 0 , 3 , 522 , 12298 , 80 , 8
656 , 843 , 928 , 6 , 63 , 69 , 158 , 11603 , 72 , 9
657 , 349 , 929 , 626 , 626 , 1252 , 730 , 11403 , 71 , 9
658 , 977 , 930 , 1920 , 14.9532 , 1934.95 , 2365 , 11407 , 71 , 9
659 , 899 , 932 , 1.79769e+308 , 1.79769e+308 , 1.79769e+308 , 2658 , 12824 , 87 , 9
660 , 263 , 933 , 14.8081 , 14.8081 , 29.6163 , 459 , 12326 , 81 , 9
661 , 375 , 935 , 36 , 112 , 148 , 129 , 13733 , 103 , 8
662 , 383 , 936 , 55 , 2.01566e+077 , 2.01566e+077 , 254 , 12332 , 80 , 8
663 , 146 , 939 , 60 , 60 , 120 , 87 , 12132 , 73 , 9
664 , 533 , 940 , 1.79769e+308 , 1.79769e+308 , 1.79769e+308 , 1192 , 12045 , 87 , 8
665 , 958 , 941 , 235 , 235 , 470 , 250 , 11342 , 77 , 8
666 , 909 , 942 , 8 , 0 , 8 , 337 , 11847 , 79 , 8
667 , 13 , 946 , 13.8828 , 13.8828 , 27.7656 , 236 , 10945 , 69 , 9
668 , 346 , 947 , 10 , 0 , 10 , 429 , 11449 , 70 , 8
669 , 437 , 948 , 1 , 5.38019e-032 , 1 , 435 , 10449 , 62 , 9
670 , 794 , 949 , 8 , -42 , -34 , 301 , 10753 , 67 , 8
671 , 486 , 952 , 7 , 0 , 7 , 2416 , 10455 , 62 , 9
672 , 912 , 953 , 229 , 12.434 , 241.434 , 265 , 12564 , 89 , 9
673 , 152 , 957 , 0.0497871 , 0.0497871 , 0.0995741 , 59 , 10962 , 69 , 9
674 , 835 , 959 , 981 , 541 , 1522 , 1501 , 11265 , 69 , 8
675 , 954 , 960 , 4 , 0 , 4 , 115 , 12575 , 89 , 9
676 , 575 , 961 , -6 , -6 , -12 , 65 , 10273 , 60 , 8
677 , 561 , 962 , 214 , 501 , 715 , 658 , 11484 , 71 , 9
678 , 441 , 964 , 14.9189 , 14.9189 , 29.8378 , 442 , 10684 , 63 , 9
679 , 752 , 967 , 454 , 454 , 908 , 429 , 12091 , 87 , 8
680 , 802 , 972 , 162 , 0 , 162 , 72 , 11687 , 72 , 9
681 , 866 , 974 , 10 , 30 , 40 , 816 , 11186 , 70 , 9
682 , 214 , 975 , 6 , 5.90009e-029 , 6 , 234 , 11692 , 72 , 9
683 , 639 , 976 , 270 , 142 , 412 , 352 , 11693 , 71 , 8
684 , 829 , 977 , 6 , 0 , 6 , 158 , 11902 , 80 , 9
685 , 772 , 981 , 9 , 0 , 9 , 267 , 10000 , 56 , 9
686 , 963 , 982 , 14 , 144 , 158 , 101 , 12107 , 88 , 9
687 , 943 , 984 , 5 , 0 , 5 , 1502 , 10504 , 61 , 8
688 , 6 , 985 , 237 , 234 , 471 , 437 , 12617 , 89 , 9
689 , 635 , 992 , 6 , 0 , 6 , 2024 , 9810 , 54 , 8
690 , 294 , 998 , 8 , 8 , 16 , 11 , 10310 , 60 , 8
