1656 , 500 , 5 , 0
2009 , 500 , 5 , 0
2634 , 500 , 8 , 0
4235 , 500 , 1 , 0
3752 , 500 , 5 , 0
3243 , 500 , 1 , 0
4444 , 500 , 3 , 0
668 , 500 , 3 , 0
1825 , 501 , 2 , 0
654 , 501 , 8 , 0
3884 , 501 , 3 , 0
1479 , 501 , 4 , 0
1787 , 502 , 1 , 0
2633 , 502 , 8 , 0
2585 , 502 , 8 , 0
3422 , 502 , 5 , 0
2762 , 503 , 2 , 0
1762 , 503 , 1 , 0
1184 , 503 , 5 , 0
2160 , 503 , 7 , 0
4506 , 503 , 5 , 0
899 , 504 , 8 , 0
1219 , 504 , 3 , 0
1412 , 504 , 6 , 0
4130 , 504 , 1 , 0
2369 , 504 , 4 , 0
225 , 504 , 1 , 0
3448 , 505 , 8 , 0
4606 , 505 , 1 , 0
3830 , 505 , 7 , 0
1453 , 505 , 8 , 0
1839 , 505 , 7 , 0
3843 , 505 , 4 , 0
3810 , 505 , 5 , 0
2765 , 505 , 3 , 0
2474 , 506 , 2 , 0
3314 , 506 , 6 , 0
4829 , 506 , 6 , 0
4925 , 506 , 3 , 0
696 , 506 , 7 , 0
361 , 506 , 6 , 0
307 , 506 , 8 , 0
2463 , 506 , 8 , 0
3734 , 507 , 7 , 0
3126 , 507 , 5 , 0
1183 , 507 , 4 , 0
3690 , 508 , 2 , 0
1799 , 508 , 2 , 0
1092 , 508 , 1 , 0
3116 , 508 , 6 , 0
419 , 508 , 6 , 0
2321 , 508 , 4 , 0
4534 , 509 , 2 , 0
2112 , 509 , 6 , 0
627 , 509 , 3 , 0
3932 , 509 , 7 , 0
1904 , 509 , 4 , 0
2859 , 509 , 3 , 0
4657 , 510 , 7 , 0
3964 , 510 , 6 , 0
4121 , 510 , 8 , 0
2238 , 511 , 7 , 0
95 , 511 , 8 , 0
2185 , 511 , 8 , 0
3848 , 511 , 5 , 0
2324 , 511 , 2 , 0
1910 , 512 , 7 , 0
667 , 512 , 5 , 0
3551 , 512 , 1 , 0
3868 , 512 , 5 , 0
193 , 513 , 4 , 0
2281 , 513 , 4 , 0
1892 , 513 , 3 , 0
3381 , 513 , 4 , 0
4056 , 513 , 2 , 0
3939 , 513 , 4 , 0
3036 , 513 , 6 , 0
3697 , 513 , 2 , 0
1386 , 514 , 1 , 0
3949 , 514 , 4 , 0
4928 , 514 , 1 , 0
478 , 514 , 8 , 0
3299 , 514 , 7 , 0
3333 , 514 , 8 , 0
3901 , 514 , 2 , 0
3071 , 515 , 7 , 0
2397 , 515 , 2 , 0
4702 , 515 , 7 , 0
4328 , 515 , 1 , 0
3201 , 515 , 3 , 0
4637 , 516 , 5 , 0
2616 , 516 , 4 , 0
1111 , 516 , 5 , 0
4006 , 516 , 8 , 0
3575 , 516 , 2 , 0
1379 , 516 , 5 , 0
324 , 516 , 7 , 0
4179 , 517 , 2 , 0
4168 , 517 , 5 , 0
3345 , 517 , 2 , 0
1258 , 517 , 2 , 0
3227 , 517 , 7 , 0
4165 , 517 , 3 , 0
52 , 517 , 8 , 0
1277 , 518 , 5 , 0
4296 , 518 , 7 , 0
1118 , 518 , 7 , 0
1579 , 518 , 1 , 0
3330 , 518 , 5 , 0
4908 , 518 , 7 , 0
1531 , 518 , 6 , 0
136 , 518 , 5 , 0
1607 , 518 , 7 , 0
2125 , 518 , 6 , 0
1813 , 518 , 7 , 0
133 , 518 , 7 , 0
4841 , 518 , 7 , 0
1441 , 519 , 8 , 0
2587 , 520 , 3 , 0
82 , 520 , 8 , 0
4174 , 520 , 3 , 0
3518 , 521 , 7 , 0
994 , 521 , 5 , 0
1169 , 522 , 8 , 0
3196 , 522 , 2 , 0
1475 , 522 , 6 , 0
178 , 522 , 3 , 0
3637 , 523 , 8 , 0
2751 , 523 , 7 , 0
3288 , 523 , 4 , 0
990 , 523 , 2 , 0
3673 , 523 , 4 , 0
3054 , 523 , 1 , 0
2642 , 524 , 4 , 0
2855 , 524 , 4 , 0
1621 , 524 , 4 , 0
1867 , 525 , 3 , 0
2732 , 525 , 5 , 0
1781 , 525 , 7 , 0
4726 , 525 , 8 , 0
3684 , 525 , 5 , 0
2391 , 526 , 7 , 0
828 , 526 , 3 , 0
4386 , 526 , 6 , 0
2322 , 526 , 4 , 0
3560 , 526 , 8 , 0
3626 , 527 , 6 , 0
4186 , 527 , 4 , 0
3666 , 528 , 6 , 0
1654 , 528 , 8 , 0
4855 , 528 , 6 , 0
3696 , 528 , 3 , 0
904 , 529 , 4 , 0
1447 , 529 , 7 , 0
4417 , 529 , 1 , 0
2022 , 529 , 4 , 0
2310 , 530 , 8 , 0
234 , 530 , 2 , 0
1174 , 530 , 1 , 0
2484 , 530 , 6 , 0
2201 , 530 , 8 , 0
2334 , 531 , 6 , 0
380 , 531 , 6 , 0
4224 , 531 , 7 , 0
4072 , 532 , 6 , 0
3006 , 532 , 1 , 0
3321 , 532 , 6 , 0
475 , 532 , 4 , 0
569 , 532 , 6 , 0
84 , 532 , 4 , 0
1878 , 532 , 3 , 0
3813 , 532 , 1 , 0
2507 , 532 , 3 , 0
2001 , 533 , 1 , 0
3373 , 533 , 1 , 0
3511 , 533 , 3 , 0
3772 , 533 , 2 , 0
3230 , 534 , 8 , 0
194 , 534 , 6 , 0
162 , 534 , 3 , 0
250 , 534 , 3 , 0
4729 , 535 , 7 , 0
839 , 535 , 4 , 0
2863 , 535 , 4 , 0
437 , 535 , 6 , 0
4317 , 535 , 2 , 0
430 , 536 , 6 , 0
2448 , 536 , 4 , 0
2355 , 536 , 6 , 0
4738 , 536 , 6 , 0
834 , 536 , 2 , 0
1003 , 536 , 8 , 0
44 , 536 , 1 , 0
1840 , 537 , 6 , 0
1665 , 537 , 3 , 0
533 , 537 , 6 , 0
1922 , 537 , 8 , 0
4551 , 537 , 8 , 0
310 , 538 , 8 , 0
1586 , 538 , 1 , 0
1542 , 538 , 1 , 0
1935 , 538 , 1 , 0
4480 , 538 , 3 , 0
714 , 538 , 3 , 0
3211 , 539 , 4 , 0
4839 , 539 , 2 , 0
492 , 539 , 6 , 0
3385 , 539 , 1 , 0
2194 , 539 , 8 , 0
2011 , 539 , 6 , 0
2912 , 539 , 6 , 0
3497 , 540 , 2 , 0
3464 , 540 , 3 , 0
4281 , 540 , 4 , 0
573 , 540 , 5 , 0
3143 , 540 , 5 , 0
233 , 540 , 4 , 0
2611 , 541 , 8 , 0
781 , 541 , 7 , 0
1192 , 541 , 1 , 0
3963 , 541 , 5 , 0
2107 , 541 , 4 , 0
577 , 542 , 2 , 0
2186 , 542 , 5 , 0
2929 , 542 , 1 , 0
3283 , 543 , 7 , 0
1546 , 543 , 5 , 0
1140 , 543 , 3 , 0
2684 , 543 , 2 , 0
2725 , 543 , 6 , 0
339 , 543 , 2 , 0
809 , 544 , 3 , 0
3748 , 544 , 6 , 0
4434 , 544 , 7 , 0
3915 , 544 , 5 , 0
2010 , 544 , 6 , 0
4870 , 545 , 5 , 0
3002 , 545 , 1 , 0
1010 , 545 , 1 , 0
4821 , 545 , 3 , 0
2628 , 546 , 4 , 0
2582 , 546 , 6 , 0
3145 , 546 , 6 , 0
3364 , 546 , 6 , 0
2323 , 546 , 7 , 0
3598 , 546 , 4 , 0
1458 , 546 , 3 , 0
2789 , 547 , 5 , 0
3948 , 547 , 1 , 0
3015 , 547 , 2 , 0
3499 , 547 , 6 , 0
4633 , 547 , 1 , 0
4170 , 548 , 8 , 0
3612 , 548 , 7 , 0
3073 , 548 , 6 , 0
610 , 548 , 1 , 0
3833 , 549 , 2 , 0
1870 , 549 , 5 , 0
603 , 549 , 6 , 0
1502 , 549 , 4 , 0
4187 , 550 , 2 , 0
534 , 550 , 1 , 0
1588 , 550 , 6 , 0
2059 , 550 , 7 , 0
2708 , 550 , 1 , 0
938 , 550 , 6 , 0
1983 , 551 , 2 , 0
877 , 551 , 4 , 0
2319 , 551 , 5 , 0
3620 , 551 , 4 , 0
1551 , 552 , 1 , 0
1303 , 552 , 7 , 0
4117 , 552 , 8 , 0
3671 , 552 , 8 , 0
1318 , 552 , 1 , 0
2373 , 552 , 1 , 0
2141 , 553 , 8 , 0
4504 , 553 , 7 , 0
3931 , 553 , 1 , 0
468 , 553 , 1 , 0
385 , 553 , 2 , 0
3395 , 553 , 4 , 0
1091 , 553 , 4 , 0
889 , 554 , 8 , 0
3346 , 554 , 6 , 0
3135 , 554 , 4 , 0
1580 , 554 , 3 , 0
4255 , 554 , 2 , 0
2979 , 554 , 5 , 0
4595 , 554 , 6 , 0
1940 , 555 , 8 , 0
1214 , 555 , 3 , 0
953 , 555 , 5 , 0
2837 , 555 , 6 , 0
4037 , 555 , 3 , 0
734 , 555 , 5 , 0
797 , 555 , 6 , 0
3446 , 555 , 7 , 0
405 , 555 , 3 , 0
2423 , 556 , 6 , 0
4435 , 556 , 5 , 0
3213 , 556 , 8 , 0
68 , 556 , 7 , 0
2573 , 556 , 5 , 0
3084 , 556 , 3 , 0
2718 , 556 , 5 , 0
2907 , 556 , 8 , 0
1455 , 557 , 7 , 0
4697 , 557 , 4 , 0
1865 , 557 , 3 , 0
915 , 557 , 3 , 0
2477 , 557 , 6 , 0
875 , 557 , 5 , 0
2393 , 557 , 3 , 0
1701 , 558 , 3 , 0
901 , 558 , 2 , 0
3123 , 558 , 3 , 0
1574 , 559 , 2 , 0
4884 , 559 , 2 , 0
8 , 559 , 5 , 0
3094 , 559 , 8 , 0
528 , 559 , 2 , 0
3865 , 559 , 4 , 0
880 , 559 , 7 , 0
4326 , 560 , 7 , 0
3351 , 560 , 6 , 0
1641 , 560 , 4 , 0
2774 , 560 , 1 , 0
3889 , 560 , 3 , 0
4469 , 560 , 3 , 0
2445 , 561 , 8 , 0
3250 , 561 , 8 , 0
2286 , 561 , 6 , 0
1958 , 561 , 3 , 0
4228 , 562 , 8 , 0
737 , 562 , 2 , 0
1517 , 563 , 7 , 0
1201 , 563 , 4 , 0
4132 , 563 , 1 , 0
35 , 563 , 7 , 0
2314 , 563 , 1 , 0
2824 , 563 , 1 , 0
337 , 564 , 8 , 0
3677 , 564 , 6 , 0
3965 , 565 , 4 , 0
132 , 565 , 7 , 0
2816 , 565 , 5 , 0
3085 , 565 , 7 , 0
3226 , 565 , 5 , 0
3922 , 566 , 6 , 0
1198 , 566 , 4 , 0
4301 , 566 , 3 , 0
2831 , 566 , 8 , 0
1033 , 566 , 8 , 0
1367 , 566 , 7 , 0
4585 , 566 , 6 , 0
1923 , 567 , 3 , 0
493 , 567 , 1 , 0
2436 , 567 , 8 , 0
2326 , 567 , 6 , 0
2067 , 567 , 7 , 0
3390 , 568 , 7 , 0
425 , 568 , 5 , 0
3912 , 568 , 4 , 0
3644 , 569 , 4 , 0
2685 , 569 , 7 , 0
3079 , 569 , 3 , 0
1375 , 569 , 8 , 0
2244 , 569 , 5 , 0
4388 , 569 , 8 , 0
4321 , 570 , 3 , 0
4148 , 570 , 1 , 0
3013 , 570 , 8 , 0
3779 , 570 , 7 , 0
559 , 570 , 5 , 0
4178 , 571 , 7 , 0
59 , 571 , 2 , 0
971 , 571 , 8 , 0
3630 , 571 , 3 , 0
3379 , 571 , 5 , 0
418 , 572 , 8 , 0
2135 , 572 , 5 , 0
422 , 572 , 1 , 0
1820 , 573 , 5 , 0
2930 , 573 , 1 , 0
1766 , 573 , 6 , 0
4920 , 573 , 2 , 0
767 , 573 , 3 , 0
2118 , 573 , 3 , 0
2123 , 574 , 2 , 0
2265 , 574 , 5 , 0
366 , 574 , 2 , 0
886 , 574 , 4 , 0
4919 , 575 , 1 , 0
347 , 575 , 6 , 0
720 , 575 , 3 , 0
1285 , 575 , 1 , 0
1289 , 575 , 3 , 0
2514 , 575 , 6 , 0
3947 , 576 , 4 , 0
2249 , 576 , 7 , 0
2113 , 576 , 1 , 0
4101 , 577 , 3 , 0
223 , 577 , 5 , 0
1053 , 577 , 4 , 0
2076 , 577 , 3 , 0
389 , 577 , 8 , 0
477 , 578 , 6 , 0
1710 , 578 , 1 , 0
4905 , 578 , 4 , 0
4075 , 579 , 7 , 0
4280 , 579 , 4 , 0
3442 , 579 , 6 , 0
2121 , 579 , 2 , 0
522 , 580 , 6 , 0
2563 , 580 , 2 , 0
1553 , 580 , 5 , 0
955 , 580 , 2 , 0
760 , 580 , 2 , 0
3760 , 581 , 6 , 0
2513 , 581 , 8 , 0
4108 , 582 , 7 , 0
3727 , 582 , 3 , 0
2379 , 582 , 2 , 0
3707 , 582 , 3 , 0
2550 , 583 , 5 , 0
2489 , 583 , 1 , 0
254 , 583 , 7 , 0
4895 , 583 , 6 , 0
2864 , 584 , 3 , 0
1785 , 584 , 1 , 0
3062 , 584 , 3 , 0
3197 , 585 , 7 , 0
462 , 585 , 4 , 0
384 , 585 , 6 , 0
4932 , 585 , 1 , 0
4112 , 585 , 4 , 0
3960 , 585 , 7 , 0
2129 , 585 , 1 , 0
646 , 585 , 8 , 0
106 , 586 , 7 , 0
1287 , 586 , 8 , 0
4192 , 586 , 1 , 0
3718 , 586 , 4 , 0
1470 , 586 , 6 , 0
3146 , 586 , 8 , 0
1050 , 587 , 5 , 0
2137 , 587 , 3 , 0
3885 , 587 , 8 , 0
3836 , 587 , 2 , 0
887 , 588 , 6 , 0
4617 , 588 , 4 , 0
2643 , 588 , 3 , 0
1668 , 588 , 3 , 0
719 , 588 , 2 , 0
1371 , 588 , 7 , 0
2967 , 589 , 4 , 0
4154 , 589 , 2 , 0
2043 , 589 , 3 , 0
3166 , 589 , 8 , 0
4396 , 589 , 1 , 0
4335 , 589 , 3 , 0
4013 , 590 , 2 , 0
630 , 590 , 5 , 0
3519 , 590 , 5 , 0
4391 , 590 , 6 , 0
429 , 590 , 3 , 0
3154 , 590 , 5 , 0
4282 , 590 , 3 , 0
500 , 592 , 4 , 0
3664 , 592 , 4 , 0
3569 , 592 , 1 , 0
1245 , 592 , 5 , 0
2111 , 592 , 2 , 0
1340 , 593 , 3 , 0
4308 , 593 , 8 , 0
2970 , 593 , 8 , 0
4546 , 593 , 4 , 0
3350 , 593 , 8 , 0
2400 , 594 , 1 , 0
1259 , 594 , 1 , 0
2193 , 594 , 6 , 0
3927 , 594 , 2 , 0
2934 , 594 , 1 , 0
1919 , 594 , 7 , 0
186 , 594 , 5 , 0
4441 , 595 , 4 , 0
678 , 595 , 3 , 0
4415 , 595 , 2 , 0
1860 , 595 , 3 , 0
406 , 595 , 7 , 0
130 , 596 , 8 , 0
4822 , 596 , 7 , 0
4599 , 596 , 2 , 0
2172 , 596 , 2 , 0
3008 , 596 , 5 , 0
1409 , 597 , 5 , 0
2854 , 597 , 3 , 0
3744 , 597 , 4 , 0
883 , 597 , 1 , 0
3962 , 597 , 3 , 0
4707 , 597 , 3 , 0
4589 , 597 , 7 , 0
1005 , 597 , 8 , 0
3928 , 598 , 7 , 0
896 , 598 , 7 , 0
4505 , 598 , 4 , 0
3590 , 598 , 7 , 0
3521 , 598 , 6 , 0
1155 , 598 , 7 , 0
2356 , 598 , 4 , 0
2988 , 598 , 4 , 0
892 , 598 , 6 , 0
362 , 599 , 1 , 0
4485 , 599 , 6 , 0
799 , 599 , 6 , 0
236 , 599 , 3 , 0
1883 , 599 , 7 , 0
4977 , 599 , 6 , 0
1939 , 600 , 1 , 0
741 , 600 , 7 , 0
556 , 600 , 7 , 0
192 , 600 , 2 , 0
4624 , 601 , 7 , 0
2919 , 601 , 6 , 0
1988 , 601 , 5 , 0
1203 , 601 , 8 , 0
4530 , 601 , 8 , 0
3660 , 601 , 7 , 0
2217 , 602 , 1 , 0
1059 , 602 , 2 , 0
2866 , 602 , 1 , 0
803 , 602 , 1 , 0
191 , 602 , 2 , 0
1363 , 602 , 1 , 0
745 , 603 , 6 , 0
436 , 603 , 2 , 0
3088 , 603 , 7 , 0
426 , 604 , 2 , 0
3041 , 604 , 4 , 0
4295 , 604 , 7 , 0
120 , 604 , 6 , 0
939 , 604 , 2 , 0
614 , 604 , 7 , 0
777 , 604 , 5 , 0
4285 , 604 , 8 , 0
2198 , 604 , 3 , 0
3891 , 605 , 1 , 0
3648 , 605 , 8 , 0
3347 , 605 , 6 , 0
2473 , 605 , 6 , 0
2358 , 605 , 5 , 0
3357 , 606 , 5 , 0
579 , 606 , 6 , 0
662 , 606 , 7 , 0
1750 , 606 , 7 , 0
804 , 607 , 4 , 0
3076 , 607 , 6 , 0
1893 , 607 , 3 , 0
2153 , 607 , 6 , 0
1686 , 607 , 2 , 0
308 , 608 , 8 , 0
3168 , 608 , 8 , 0
1728 , 608 , 3 , 0
775 , 608 , 6 , 0
2098 , 608 , 5 , 0
4673 , 608 , 3 , 0
4835 , 608 , 3 , 0
937 , 608 , 7 , 0
793 , 608 , 3 , 0
4212 , 609 , 5 , 0
4483 , 609 , 7 , 0
257 , 609 , 5 , 0
2284 , 609 , 3 , 0
3234 , 609 , 4 , 0
2917 , 609 , 7 , 0
2419 , 610 , 3 , 0
1149 , 610 , 5 , 0
2805 , 611 , 6 , 0
173 , 611 , 3 , 0
2664 , 611 , 5 , 0
390 , 612 , 1 , 0
1718 , 612 , 4 , 0
1837 , 612 , 5 , 0
3614 , 612 , 3 , 0
723 , 612 , 1 , 0
122 , 612 , 7 , 0
3816 , 613 , 3 , 0
1154 , 613 , 6 , 0
963 , 614 , 1 , 0
2828 , 614 , 6 , 0
1328 , 614 , 7 , 0
3362 , 614 , 1 , 0
348 , 615 , 2 , 0
2865 , 615 , 4 , 0
1449 , 615 , 1 , 0
4011 , 615 , 1 , 0
154 , 616 , 2 , 0
1212 , 616 , 1 , 0
1082 , 616 , 7 , 0
1267 , 617 , 3 , 0
480 , 618 , 6 , 0
1779 , 618 , 7 , 0
3335 , 618 , 8 , 0
2819 , 618 , 1 , 0
4877 , 619 , 5 , 0
2180 , 619 , 4 , 0
37 , 619 , 6 , 0
4914 , 619 , 4 , 0
1739 , 619 , 6 , 0
993 , 619 , 7 , 0
725 , 619 , 5 , 0
3301 , 620 , 3 , 0
2151 , 620 , 5 , 0
606 , 620 , 4 , 0
4798 , 620 , 7 , 0
4997 , 620 , 8 , 0
4942 , 620 , 7 , 0
2838 , 620 , 7 , 0
2741 , 620 , 1 , 0
4022 , 620 , 4 , 0
2046 , 620 , 1 , 0
2547 , 620 , 8 , 0
2880 , 621 , 7 , 0
3354 , 621 , 1 , 0
2694 , 621 , 6 , 0
2421 , 621 , 4 , 0
1738 , 621 , 3 , 0
1252 , 622 , 6 , 0
2162 , 623 , 1 , 0
4720 , 623 , 8 , 0
3127 , 623 , 1 , 0
3251 , 623 , 6 , 0
3258 , 623 , 8 , 0
1357 , 624 , 2 , 0
3194 , 624 , 2 , 0
386 , 624 , 4 , 0
1522 , 624 , 5 , 0
1235 , 625 , 1 , 0
3399 , 625 , 6 , 0
484 , 625 , 7 , 0
1210 , 625 , 8 , 0
2683 , 625 , 2 , 0
3811 , 625 , 8 , 0
495 , 626 , 3 , 0
548 , 626 , 6 , 0
167 , 626 , 4 , 0
2867 , 626 , 2 , 0
4946 , 626 , 8 , 0
1294 , 626 , 2 , 0
952 , 626 , 7 , 0
1250 , 627 , 6 , 0
2030 , 627 , 8 , 0
3526 , 627 , 5 , 0
1199 , 628 , 4 , 0
4852 , 628 , 8 , 0
2644 , 628 , 4 , 0
424 , 628 , 5 , 0
1438 , 628 , 7 , 0
1241 , 628 , 5 , 0
3773 , 628 , 8 , 0
959 , 629 , 8 , 0
1719 , 629 , 4 , 0
4344 , 629 , 7 , 0
4322 , 629 , 7 , 0
40 , 629 , 4 , 0
1170 , 630 , 6 , 0
1337 , 630 , 8 , 0
2444 , 630 , 8 , 0
2938 , 630 , 8 , 0
4079 , 631 , 3 , 0
4442 , 631 , 5 , 0
4527 , 631 , 1 , 0
1391 , 631 , 7 , 0
2939 , 632 , 5 , 0
1864 , 632 , 6 , 0
255 , 632 , 2 , 0
3218 , 632 , 2 , 0
593 , 632 , 3 , 0
1384 , 632 , 7 , 0
457 , 632 , 6 , 0
621 , 632 , 1 , 0
3090 , 633 , 1 , 0
1827 , 633 , 4 , 0
3026 , 633 , 7 , 0
4950 , 633 , 3 , 0
890 , 633 , 8 , 0
4360 , 633 , 6 , 0
1619 , 633 , 4 , 0
3741 , 633 , 1 , 0
1693 , 634 , 6 , 0
441 , 634 , 1 , 0
3112 , 634 , 6 , 0
1834 , 634 , 5 , 0
1555 , 634 , 8 , 0
4479 , 635 , 4 , 0
1175 , 635 , 2 , 0
4452 , 635 , 4 , 0
109 , 635 , 2 , 0
3441 , 635 , 4 , 0
3651 , 635 , 7 , 0
1792 , 635 , 4 , 0
3591 , 635 , 5 , 0
4983 , 636 , 6 , 0
4355 , 636 , 1 , 0
1437 , 636 , 8 , 0
410 , 636 , 7 , 0
199 , 636 , 7 , 0
2161 , 636 , 8 , 0
4276 , 637 , 3 , 0
3060 , 637 , 7 , 0
1744 , 637 , 8 , 0
770 , 637 , 3 , 0
4758 , 637 , 2 , 0
1465 , 637 , 1 , 0
3423 , 637 , 4 , 0
4705 , 637 , 4 , 0
4535 , 637 , 3 , 0
1468 , 637 , 1 , 0
2968 , 637 , 5 , 0
3546 , 638 , 4 , 0
1789 , 638 , 5 , 0
2742 , 638 , 7 , 0
1191 , 638 , 8 , 0
3180 , 638 , 8 , 0
3655 , 638 , 7 , 0
3264 , 639 , 5 , 0
4012 , 639 , 8 , 0
640 , 639 , 3 , 0
4008 , 639 , 4 , 0
4809 , 640 , 6 , 0
3559 , 640 , 3 , 0
1525 , 640 , 7 , 0
4775 , 640 , 2 , 0
4860 , 640 , 2 , 0
1967 , 640 , 6 , 0
2617 , 641 , 6 , 0
2170 , 641 , 7 , 0
3064 , 641 , 4 , 0
1617 , 641 , 2 , 0
3020 , 641 , 2 , 0
4105 , 641 , 5 , 0
1889 , 641 , 1 , 0
4868 , 641 , 5 , 0
546 , 641 , 5 , 0
3937 , 642 , 6 , 0
3908 , 642 , 7 , 0
2252 , 642 , 7 , 0
1370 , 642 , 2 , 0
4197 , 643 , 1 , 0
2087 , 643 , 7 , 0
3473 , 643 , 4 , 0
2790 , 643 , 5 , 0
4021 , 643 , 4 , 0
4020 , 643 , 3 , 0
278 , 644 , 8 , 0
3285 , 644 , 8 , 0
946 , 644 , 6 , 0
1725 , 645 , 5 , 0
3494 , 645 , 5 , 0
4795 , 645 , 7 , 0
3508 , 645 , 4 , 0
3777 , 645 , 8 , 0
2493 , 645 , 6 , 0
2235 , 645 , 1 , 0
2994 , 645 , 2 , 0
2999 , 645 , 3 , 0
3059 , 646 , 3 , 0
2925 , 646 , 7 , 0
1977 , 646 , 5 , 0
1145 , 646 , 2 , 0
1188 , 646 , 4 , 0
2243 , 647 , 6 , 0
1487 , 647 , 3 , 0
1747 , 647 , 8 , 0
2861 , 647 , 3 , 0
1540 , 648 , 2 , 0
1635 , 648 , 2 , 0
3796 , 648 , 5 , 0
3774 , 648 , 2 , 0
2166 , 649 , 5 , 0
4876 , 649 , 6 , 0
4210 , 649 , 5 , 0
2724 , 649 , 4 , 0
1072 , 649 , 8 , 0
4003 , 649 , 8 , 0
551 , 649 , 5 , 0
1692 , 650 , 4 , 0
4264 , 650 , 3 , 0
2525 , 650 , 1 , 0
3047 , 650 , 5 , 0
618 , 652 , 3 , 0
3386 , 652 , 5 , 0
3611 , 653 , 4 , 0
4863 , 653 , 3 , 0
160 , 653 , 4 , 0
2279 , 653 , 4 , 0
3483 , 654 , 3 , 0
1012 , 654 , 3 , 0
1818 , 654 , 4 , 0
4358 , 654 , 6 , 0
2693 , 654 , 8 , 0
1544 , 654 , 2 , 0
3923 , 654 , 6 , 0
1248 , 655 , 5 , 0
2871 , 655 , 1 , 0
1450 , 655 , 2 , 0
2266 , 655 , 7 , 0
4634 , 655 , 2 , 0
4142 , 655 , 7 , 0
4686 , 656 , 3 , 0
1260 , 656 , 7 , 0
673 , 656 , 6 , 0
2456 , 657 , 1 , 0
3576 , 657 , 4 , 0
1773 , 657 , 2 , 0
4803 , 657 , 1 , 0
4379 , 657 , 8 , 0
1932 , 658 , 6 , 0
4516 , 658 , 1 , 0
1937 , 658 , 7 , 0
4110 , 658 , 4 , 0
659 , 658 , 3 , 0
526 , 659 , 2 , 0
2060 , 659 , 7 , 0
2877 , 659 , 8 , 0
3402 , 660 , 8 , 0
1071 , 661 , 4 , 0
387 , 661 , 3 , 0
1812 , 661 , 7 , 0
2175 , 661 , 8 , 0
3991 , 661 , 3 , 0
670 , 661 , 4 , 0
536 , 661 , 8 , 0
2660 , 662 , 2 , 0
4909 , 662 , 5 , 0
2591 , 662 , 8 , 0
4271 , 662 , 6 , 0
36 , 662 , 1 , 0
470 , 662 , 7 , 0
431 , 663 , 1 , 0
823 , 663 , 2 , 0
4294 , 663 , 8 , 0
494 , 663 , 3 , 0
3635 , 664 , 7 , 0
3938 , 664 , 3 , 0
1630 , 664 , 1 , 0
4102 , 665 , 6 , 0
19 , 665 , 2 , 0
4240 , 665 , 1 , 0
3035 , 665 , 7 , 0
2650 , 665 , 6 , 0
1702 , 665 , 1 , 0
1850 , 666 , 4 , 0
4653 , 667 , 6 , 0
56 , 667 , 6 , 0
1810 , 667 , 3 , 0
1814 , 667 , 4 , 0
549 , 668 , 4 , 0
2032 , 668 , 4 , 0
587 , 668 , 7 , 0
121 , 668 , 1 , 0
3899 , 668 , 7 , 0
1774 , 669 , 2 , 0
2276 , 669 , 1 , 0
1333 , 670 , 5 , 0
692 , 670 , 1 , 0
3699 , 670 , 8 , 0
3457 , 670 , 1 , 0
47 , 671 , 6 , 0
1040 , 671 , 5 , 0
4155 , 671 , 6 , 0
71 , 672 , 1 , 0
895 , 672 , 5 , 0
3894 , 672 , 5 , 0
933 , 673 , 2 , 0
3479 , 673 , 7 , 0
1523 , 673 , 1 , 0
1851 , 674 , 6 , 0
608 , 674 , 1 , 0
1564 , 674 , 7 , 0
830 , 674 , 8 , 0
3536 , 674 , 1 , 0
3117 , 674 , 2 , 0
936 , 674 , 2 , 0
3783 , 674 , 5 , 0
4157 , 674 , 2 , 0
2308 , 675 , 8 , 0
3757 , 675 , 2 , 0
2905 , 675 , 3 , 0
3057 , 675 , 6 , 0
2755 , 675 , 4 , 0
1364 , 676 , 4 , 0
269 , 676 , 4 , 0
4207 , 676 , 1 , 0
4029 , 676 , 8 , 0
848 , 676 , 5 , 0
791 , 676 , 3 , 0
3487 , 676 , 2 , 0
3978 , 677 , 8 , 0
1420 , 677 , 4 , 0
467 , 677 , 6 , 0
1838 , 677 , 4 , 0
4242 , 677 , 3 , 0
4528 , 678 , 4 , 0
4409 , 678 , 1 , 0
3043 , 678 , 2 , 0
2955 , 679 , 8 , 0
2836 , 680 , 5 , 0
1498 , 680 , 4 , 0
3001 , 680 , 6 , 0
1454 , 680 , 7 , 0
631 , 680 , 2 , 0
4736 , 680 , 7 , 0
4794 , 681 , 1 , 0
1298 , 681 , 2 , 0
168 , 681 , 6 , 0
2954 , 682 , 1 , 0
859 , 682 , 7 , 0
2044 , 682 , 6 , 0
1993 , 682 , 8 , 0
4843 , 682 , 2 , 0
4177 , 682 , 6 , 0
115 , 683 , 8 , 0
3485 , 683 , 2 , 0
1628 , 683 , 5 , 0
2479 , 683 , 5 , 0
5 , 683 , 5 , 0
3488 , 684 , 6 , 0
249 , 684 , 4 , 0
2332 , 684 , 1 , 0
3628 , 684 , 4 , 0
368 , 684 , 8 , 0
3789 , 684 , 8 , 0
4989 , 684 , 6 , 0
2749 , 685 , 6 , 0
2070 , 685 , 5 , 0
443 , 686 , 5 , 0
4529 , 687 , 1 , 0
1530 , 687 , 1 , 0
3465 , 687 , 8 , 0
1521 , 687 , 4 , 0
597 , 687 , 5 , 0
485 , 687 , 8 , 0
4467 , 688 , 1 , 0
1122 , 688 , 4 , 0
1326 , 689 , 7 , 0
1062 , 689 , 7 , 0
2898 , 689 , 5 , 0
2272 , 690 , 6 , 0
4607 , 690 , 2 , 0
2984 , 690 , 1 , 0
216 , 690 , 7 , 0
2475 , 690 , 2 , 0
108 , 690 , 3 , 0
57 , 691 , 1 , 0
1408 , 691 , 8 , 0
4367 , 691 , 1 , 0
158 , 691 , 2 , 0
1152 , 692 , 3 , 0
1419 , 693 , 5 , 0
1331 , 693 , 7 , 0
1461 , 693 , 5 , 0
633 , 693 , 6 , 0
4668 , 694 , 4 , 0
1325 , 694 , 7 , 0
1833 , 694 , 7 , 0
4800 , 694 , 7 , 0
2165 , 695 , 5 , 0
4077 , 695 , 8 , 0
1330 , 695 , 2 , 0
2962 , 695 , 5 , 0
3812 , 696 , 8 , 0
732 , 696 , 3 , 0
4587 , 696 , 1 , 0
1404 , 696 , 6 , 0
3625 , 696 , 3 , 0
4026 , 696 , 4 , 0
2370 , 697 , 7 , 0
2413 , 697 , 8 , 0
2510 , 697 , 6 , 0
2686 , 697 , 5 , 0
1160 , 698 , 8 , 0
4339 , 698 , 8 , 0
4146 , 698 , 1 , 0
305 , 698 , 4 , 0
2504 , 698 , 2 , 0
3102 , 698 , 1 , 0
1776 , 699 , 8 , 0
780 , 699 , 6 , 0
912 , 699 , 4 , 0
4481 , 699 , 4 , 0
4792 , 699 , 4 , 0
413 , 700 , 6 , 0
61 , 700 , 5 , 0
2654 , 700 , 6 , 0
1489 , 701 , 2 , 0
970 , 701 , 3 , 0
461 , 701 , 7 , 0
4572 , 701 , 2 , 0
2735 , 701 , 1 , 0
3568 , 702 , 7 , 0
1824 , 702 , 3 , 0
4182 , 702 , 5 , 0
4286 , 702 , 1 , 0
3382 , 703 , 8 , 0
98 , 703 , 6 , 0
3105 , 703 , 6 , 0
3040 , 703 , 5 , 0
3659 , 703 , 6 , 0
1788 , 704 , 2 , 0
279 , 704 , 7 , 0
2516 , 704 , 5 , 0
31 , 705 , 7 , 0
3281 , 705 , 3 , 0
3007 , 705 , 4 , 0
4451 , 705 , 6 , 0
1886 , 705 , 6 , 0
1938 , 706 , 3 , 0
1424 , 706 , 7 , 0
4044 , 706 , 6 , 0
2071 , 706 , 1 , 0
67 , 706 , 1 , 0
1733 , 706 , 7 , 0
4035 , 707 , 1 , 0
4353 , 707 , 7 , 0
4924 , 707 , 4 , 0
3208 , 707 , 7 , 0
3376 , 707 , 1 , 0
992 , 707 , 3 , 0
2066 , 708 , 8 , 0
1659 , 708 , 1 , 0
2546 , 708 , 7 , 0
909 , 708 , 8 , 0
4912 , 708 , 5 , 0
2179 , 709 , 2 , 0
378 , 709 , 2 , 0
3657 , 709 , 4 , 0
224 , 709 , 4 , 0
1407 , 709 , 6 , 0
2064 , 709 , 2 , 0
1804 , 709 , 2 , 0
4274 , 709 , 2 , 0
2554 , 710 , 5 , 0
4649 , 710 , 7 , 0
450 , 710 , 5 , 0
4350 , 710 , 2 , 0
817 , 710 , 7 , 0
4842 , 711 , 5 , 0
280 , 711 , 2 , 0
3215 , 711 , 8 , 0
2632 , 711 , 8 , 0
4265 , 711 , 1 , 0
3533 , 711 , 7 , 0
209 , 712 , 8 , 0
4514 , 712 , 7 , 0
813 , 712 , 8 , 0
303 , 712 , 2 , 0
1295 , 713 , 7 , 0
4677 , 713 , 5 , 0
730 , 713 , 2 , 0
2257 , 713 , 5 , 0
2499 , 713 , 1 , 0
1499 , 713 , 5 , 0
2008 , 713 , 3 , 0
488 , 713 , 7 , 0
1679 , 714 , 8 , 0
3 , 714 , 7 , 0
4089 , 714 , 4 , 0
2081 , 714 , 3 , 0
3452 , 715 , 6 , 0
966 , 716 , 1 , 0
2190 , 716 , 1 , 0
1676 , 716 , 1 , 0
954 , 716 , 1 , 0
2346 , 716 , 1 , 0
561 , 716 , 6 , 0
3675 , 716 , 1 , 0
4200 , 717 , 5 , 0
318 , 717 , 2 , 0
4690 , 717 , 7 , 0
1854 , 718 , 4 , 0
976 , 718 , 4 , 0
3888 , 718 , 8 , 0
3862 , 718 , 2 , 0
299 , 718 , 7 , 0
4043 , 718 , 7 , 0
3246 , 718 , 6 , 0
4625 , 718 , 8 , 0
3290 , 718 , 3 , 0
1876 , 718 , 7 , 0
2443 , 719 , 2 , 0
3525 , 719 , 1 , 0
1885 , 719 , 5 , 0
2940 , 720 , 6 , 0
4375 , 720 , 6 , 0
208 , 720 , 8 , 0
2927 , 720 , 4 , 0
16 , 720 , 8 , 0
4661 , 720 , 8 , 0
4765 , 721 , 2 , 0
4269 , 721 , 1 , 0
4623 , 722 , 3 , 0
3758 , 722 , 2 , 0
2132 , 722 , 1 , 0
3172 , 722 , 7 , 0
1954 , 722 , 1 , 0
669 , 722 , 5 , 0
3353 , 722 , 4 , 0
2398 , 723 , 8 , 0
316 , 723 , 3 , 0
1484 , 723 , 4 , 0
4241 , 723 , 3 , 0
1006 , 723 , 7 , 0
1369 , 723 , 3 , 0
256 , 723 , 2 , 0
2372 , 723 , 4 , 0
4438 , 724 , 2 , 0
4302 , 724 , 3 , 0
3606 , 724 , 1 , 0
3787 , 725 , 7 , 0
2290 , 725 , 5 , 0
260 , 725 , 4 , 0
2682 , 725 , 5 , 0
1230 , 725 , 1 , 0
4345 , 726 , 6 , 0
179 , 726 , 1 , 0
1927 , 726 , 7 , 0
3801 , 726 , 6 , 0
1168 , 726 , 2 , 0
1959 , 727 , 5 , 0
3809 , 727 , 2 , 0
3678 , 727 , 2 , 0
4992 , 727 , 4 , 0
3647 , 727 , 5 , 0
1283 , 727 , 8 , 0
805 , 728 , 7 , 0
1651 , 728 , 2 , 0
599 , 728 , 1 , 0
264 , 728 , 2 , 0
4560 , 728 , 6 , 0
757 , 728 , 7 , 0
4394 , 729 , 8 , 0
407 , 729 , 8 , 0
4083 , 729 , 2 , 0
4093 , 729 , 5 , 0
1031 , 729 , 3 , 0
4651 , 729 , 8 , 0
3474 , 729 , 6 , 0
1513 , 730 , 1 , 0
2182 , 730 , 6 , 0
1307 , 730 , 5 , 0
583 , 730 , 3 , 0
4779 , 730 , 1 , 0
2128 , 730 , 4 , 0
4831 , 730 , 2 , 0
637 , 730 , 4 , 0
1978 , 730 , 5 , 0
3913 , 730 , 4 , 0
4539 , 730 , 1 , 0
4175 , 730 , 6 , 0
3458 , 731 , 5 , 0
4823 , 731 , 3 , 0
448 , 731 , 2 , 0
4518 , 731 , 3 , 0
3864 , 732 , 3 , 0
75 , 732 , 1 , 0
329 , 732 , 8 , 0
3893 , 732 , 4 , 0
3506 , 732 , 7 , 0
2380 , 733 , 2 , 0
2481 , 734 , 4 , 0
554 , 735 , 7 , 0
2263 , 735 , 8 , 0
663 , 735 , 6 , 0
689 , 735 , 1 , 0
3875 , 735 , 2 , 0
3926 , 735 , 8 , 0
691 , 735 , 5 , 0
2270 , 736 , 4 , 0
2203 , 736 , 6 , 0
3743 , 737 , 5 , 0
4967 , 737 , 6 , 0
2394 , 737 , 5 , 0
2497 , 737 , 3 , 0
76 , 737 , 8 , 0
930 , 737 , 3 , 0
945 , 737 , 2 , 0
4893 , 737 , 3 , 0
2287 , 737 , 7 , 0
2312 , 737 , 8 , 0
1425 , 738 , 7 , 0
3360 , 738 , 8 , 0
4337 , 738 , 2 , 0
306 , 738 , 8 , 0
3769 , 738 , 8 , 0
365 , 738 , 6 , 0
4411 , 738 , 4 , 0
2687 , 738 , 1 , 0
4679 , 738 , 3 , 0
2116 , 739 , 3 , 0
1401 , 739 , 4 , 0
4968 , 739 , 6 , 0
151 , 739 , 2 , 0
2699 , 739 , 5 , 0
3656 , 739 , 4 , 0
177 , 739 , 5 , 0
1698 , 739 , 3 , 0
3223 , 739 , 2 , 0
3193 , 739 , 3 , 0
4289 , 739 , 5 , 0
3339 , 739 , 7 , 0
320 , 740 , 4 , 0
1908 , 740 , 5 , 0
3711 , 740 , 3 , 0
1496 , 740 , 8 , 0
4648 , 740 , 7 , 0
3726 , 740 , 2 , 0
3004 , 741 , 2 , 0
4000 , 741 , 2 , 0
3469 , 741 , 5 , 0
2579 , 741 , 7 , 0
1981 , 741 , 5 , 0
2230 , 741 , 2 , 0
4114 , 742 , 3 , 0
3722 , 742 , 4 , 0
3239 , 742 , 8 , 0
701 , 742 , 3 , 0
4735 , 742 , 4 , 0
3824 , 743 , 3 , 0
2810 , 743 , 8 , 0
2359 , 743 , 1 , 0
3075 , 743 , 8 , 0
3501 , 744 , 3 , 0
874 , 744 , 5 , 0
2491 , 744 , 7 , 0
2149 , 744 , 2 , 0
1558 , 744 , 4 , 0
3994 , 744 , 4 , 0
2641 , 745 , 8 , 0
532 , 745 , 4 , 0
1495 , 745 , 2 , 0
3210 , 745 , 5 , 0
3416 , 746 , 3 , 0
4194 , 746 , 5 , 0
3380 , 746 , 2 , 0
2995 , 746 , 4 , 0
2746 , 747 , 2 , 0
2777 , 747 , 5 , 0
3233 , 747 , 4 , 0
4234 , 747 , 4 , 0
3142 , 747 , 2 , 0
4208 , 747 , 2 , 0
4786 , 748 , 7 , 0
111 , 748 , 2 , 0
865 , 748 , 7 , 0
1107 , 748 , 5 , 0
4352 , 748 , 7 , 0
2943 , 748 , 1 , 0
4159 , 748 , 6 , 0
4325 , 749 , 7 , 0
1722 , 749 , 6 , 0
1099 , 749 , 6 , 0
4961 , 750 , 8 , 0
928 , 750 , 7 , 0
1321 , 751 , 5 , 0
1426 , 751 , 3 , 0
2245 , 751 , 1 , 0
3293 , 751 , 8 , 0
4714 , 751 , 2 , 0
1947 , 751 , 2 , 0
4991 , 752 , 5 , 0
2167 , 752 , 2 , 0
444 , 752 , 1 , 0
2710 , 753 , 5 , 0
2480 , 753 , 2 , 0
2843 , 753 , 7 , 0
1614 , 753 , 1 , 0
3794 , 753 , 8 , 0
64 , 753 , 4 , 0
265 , 753 , 7 , 0
1727 , 753 , 5 , 0
3176 , 753 , 2 , 0
3872 , 755 , 5 , 0
2747 , 755 , 5 , 0
1699 , 755 , 2 , 0
326 , 755 , 1 , 0
360 , 755 , 3 , 0
619 , 755 , 4 , 0
2698 , 755 , 5 , 0
1205 , 756 , 2 , 0
2465 , 756 , 2 , 0
3738 , 756 , 7 , 0
2535 , 756 , 7 , 0
42 , 757 , 3 , 0
374 , 757 , 7 , 0
143 , 757 , 7 , 0
2428 , 758 , 6 , 0
2528 , 758 , 8 , 0
4439 , 758 , 6 , 0
808 , 758 , 1 , 0
1896 , 758 , 4 , 0
3873 , 758 , 7 , 0
1078 , 759 , 8 , 0
3571 , 759 , 7 , 0
4948 , 759 , 2 , 0
4978 , 759 , 4 , 0
4789 , 759 , 7 , 0
4053 , 759 , 2 , 0
2753 , 760 , 6 , 0
3629 , 760 , 1 , 0
2895 , 760 , 3 , 0
4819 , 760 , 5 , 0
4746 , 761 , 4 , 0
309 , 761 , 6 , 0
6 , 761 , 3 , 0
3032 , 761 , 3 , 0
1431 , 761 , 8 , 0
2500 , 761 , 6 , 0
589 , 761 , 6 , 0
3950 , 762 , 8 , 0
3371 , 762 , 6 , 0
3492 , 762 , 7 , 0
2723 , 762 , 4 , 0
188 , 763 , 1 , 0
4718 , 763 , 3 , 0
1179 , 763 , 5 , 0
2411 , 763 , 5 , 0
1597 , 763 , 7 , 0
1915 , 763 , 4 , 0
620 , 763 , 2 , 0
3641 , 764 , 7 , 0
4357 , 764 , 4 , 0
4975 , 764 , 8 , 0
622 , 764 , 8 , 0
4183 , 764 , 4 , 0
2935 , 764 , 6 , 0
1435 , 764 , 2 , 0
642 , 764 , 7 , 0
2450 , 764 , 4 , 0
1874 , 764 , 3 , 0
2623 , 765 , 3 , 0
3225 , 765 , 8 , 0
1389 , 765 , 3 , 0
3300 , 765 , 3 , 0
4484 , 766 , 5 , 0
989 , 766 , 3 , 0
1547 , 766 , 1 , 0
4370 , 767 , 7 , 0
3490 , 767 , 1 , 0
3842 , 767 , 4 , 0
567 , 767 , 2 , 0
3220 , 767 , 4 , 0
4292 , 767 , 2 , 0
1309 , 767 , 2 , 0
578 , 768 , 3 , 0
4959 , 768 , 3 , 0
3763 , 768 , 2 , 0
4866 , 768 , 1 , 0
611 , 768 , 7 , 0
4185 , 768 , 4 , 0
3491 , 769 , 7 , 0
4275 , 770 , 5 , 0
4437 , 770 , 4 , 0
4691 , 770 , 1 , 0
598 , 771 , 4 , 0
4906 , 771 , 4 , 0
4704 , 771 , 6 , 0
727 , 771 , 4 , 0
3805 , 771 , 5 , 0
3428 , 771 , 2 , 0
1138 , 771 , 8 , 0
1921 , 772 , 2 , 0
2593 , 772 , 4 , 0
3818 , 772 , 5 , 0
4712 , 772 , 3 , 0
4273 , 773 , 7 , 0
1948 , 773 , 2 , 0
1312 , 773 , 6 , 0
3444 , 773 , 3 , 0
1166 , 773 , 8 , 0
4433 , 774 , 1 , 0
2466 , 774 , 4 , 0
2086 , 774 , 6 , 0
4126 , 774 , 6 , 0
3554 , 775 , 3 , 0
4036 , 775 , 1 , 0
3624 , 776 , 4 , 0
3780 , 776 , 1 , 0
4272 , 776 , 5 , 0
391 , 776 , 1 , 0
3027 , 776 , 3 , 0
4189 , 776 , 2 , 0
3946 , 777 , 4 , 0
4362 , 777 , 8 , 0
4278 , 777 , 7 , 0
401 , 777 , 1 , 0
1173 , 777 , 8 , 0
2277 , 778 , 8 , 0
3349 , 778 , 2 , 0
3520 , 778 , 5 , 0
2232 , 778 , 6 , 0
853 , 778 , 2 , 0
3138 , 778 , 5 , 0
2811 , 779 , 1 , 0
3044 , 779 , 8 , 0
4465 , 779 , 3 , 0
2692 , 779 , 5 , 0
1025 , 779 , 1 , 0
4395 , 779 , 3 , 0
1080 , 780 , 5 , 0
2299 , 780 , 5 , 0
4709 , 780 , 7 , 0
2966 , 780 , 5 , 0
4061 , 781 , 7 , 0
1603 , 781 , 1 , 0
825 , 781 , 4 , 0
2674 , 782 , 6 , 0
3902 , 782 , 6 , 0
4688 , 782 , 1 , 0
140 , 782 , 3 , 0
4590 , 782 , 6 , 0
2607 , 782 , 1 , 0
156 , 782 , 7 , 0
1222 , 782 , 4 , 0
4310 , 783 , 5 , 0
629 , 783 , 5 , 0
3083 , 783 , 4 , 0
1615 , 783 , 8 , 0
1973 , 784 , 5 , 0
3609 , 784 , 8 , 0
3467 , 784 , 7 , 0
685 , 785 , 2 , 0
3391 , 785 , 8 , 0
1368 , 785 , 5 , 0
4503 , 785 , 7 , 0
2347 , 785 , 1 , 0
2309 , 785 , 5 , 0
1315 , 785 , 2 , 0
474 , 786 , 1 , 0
3580 , 786 , 6 , 0
4669 , 786 , 3 , 0
4545 , 786 , 8 , 0
2775 , 787 , 4 , 0
2622 , 787 , 6 , 0
4576 , 787 , 3 , 0
2435 , 787 , 1 , 0
3340 , 787 , 8 , 0
1477 , 787 , 2 , 0
3388 , 787 , 4 , 0
3366 , 788 , 6 , 0
4277 , 788 , 8 , 0
2360 , 788 , 4 , 0
3377 , 788 , 7 , 0
700 , 789 , 1 , 0
2743 , 789 , 3 , 0
1097 , 789 , 5 , 0
370 , 789 , 1 , 0
1061 , 789 , 2 , 0
605 , 789 , 1 , 0
2833 , 789 , 3 , 0
2857 , 789 , 3 , 0
4229 , 789 , 5 , 0
4096 , 790 , 3 , 0
1677 , 790 , 8 , 0
2386 , 790 , 4 , 0
4561 , 790 , 5 , 0
4320 , 790 , 1 , 0
2937 , 791 , 8 , 0
1994 , 791 , 3 , 0
2544 , 791 , 2 , 0
2389 , 791 , 6 , 0
2869 , 791 , 5 , 0
2948 , 791 , 1 , 0
3953 , 791 , 8 , 0
4143 , 791 , 6 , 0
2040 , 792 , 5 , 0
3530 , 792 , 2 , 0
2292 , 792 , 5 , 0
3113 , 793 , 8 , 0
2974 , 793 , 6 , 0
3581 , 793 , 4 , 0
2130 , 793 , 3 , 0
699 , 793 , 4 , 0
4619 , 793 , 7 , 0
1291 , 793 , 5 , 0
693 , 793 , 2 , 0
1393 , 794 , 8 , 0
1044 , 794 , 7 , 0
4509 , 795 , 4 , 0
1347 , 795 , 7 , 0
1055 , 795 , 1 , 0
1001 , 795 , 7 , 0
2779 , 795 , 6 , 0
4536 , 795 , 4 , 0
3698 , 795 , 8 , 0
2602 , 796 , 6 , 0
1934 , 796 , 1 , 0
3538 , 796 , 8 , 0
3871 , 797 , 4 , 0
3887 , 797 , 2 , 0
3406 , 797 , 6 , 0
335 , 797 , 4 , 0
2006 , 797 , 3 , 0
881 , 797 , 4 , 0
3767 , 797 , 3 , 0
3245 , 797 , 4 , 0
786 , 798 , 2 , 0
4436 , 798 , 7 , 0
3687 , 798 , 7 , 0
4329 , 798 , 5 , 0
438 , 798 , 7 , 0
1802 , 798 , 1 , 0
2719 , 798 , 3 , 0
1778 , 799 , 8 , 0
1670 , 799 , 7 , 0
1045 , 799 , 1 , 0
563 , 799 , 2 , 0
2103 , 799 , 1 , 0
2590 , 800 , 7 , 0
1439 , 800 , 6 , 0
3241 , 800 , 5 , 0
3717 , 800 , 3 , 0
3509 , 800 , 4 , 0
3305 , 800 , 1 , 0
81 , 800 , 4 , 0
1897 , 800 , 5 , 0
74 , 801 , 1 , 0
1700 , 802 , 1 , 0
3332 , 802 , 2 , 0
3056 , 802 , 1 , 0
4926 , 802 , 2 , 0
2138 , 802 , 5 , 0
3328 , 802 , 6 , 0
616 , 802 , 6 , 0
2340 , 802 , 4 , 0
980 , 803 , 4 , 0
1599 , 803 , 1 , 0
4981 , 803 , 3 , 0
4252 , 803 , 8 , 0
3573 , 803 , 6 , 0
4364 , 804 , 4 , 0
518 , 804 , 3 , 0
2879 , 804 , 7 , 0
649 , 805 , 5 , 0
169 , 805 , 8 , 0
1575 , 805 , 1 , 0
2714 , 805 , 3 , 0
4664 , 805 , 2 , 0
2058 , 805 , 5 , 0
4383 , 806 , 1 , 0
1349 , 806 , 6 , 0
4853 , 806 , 5 , 0
2584 , 806 , 6 , 0
4899 , 806 , 5 , 0
4604 , 807 , 6 , 0
1030 , 807 , 2 , 0
2176 , 807 , 4 , 0
3895 , 807 , 1 , 0
3265 , 807 , 3 , 0
1754 , 808 , 5 , 0
1290 , 808 , 1 , 0
2188 , 808 , 3 , 0
2737 , 808 , 5 , 0
4532 , 808 , 2 , 0
1783 , 808 , 6 , 0
4318 , 808 , 5 , 0
4588 , 808 , 7 , 0
1067 , 809 , 7 , 0
2599 , 809 , 5 , 0
1858 , 809 , 8 , 0
2537 , 809 , 5 , 0
185 , 809 , 2 , 0
4118 , 809 , 2 , 0
2108 , 809 , 3 , 0
1606 , 810 , 4 , 0
3685 , 810 , 3 , 0
4293 , 810 , 8 , 0
4486 , 811 , 3 , 0
4898 , 811 , 1 , 0
4116 , 812 , 1 , 0
4471 , 812 , 6 , 0
3296 , 812 , 7 , 0
4972 , 813 , 5 , 0
4462 , 813 , 5 , 0
3957 , 813 , 3 , 0
3500 , 814 , 2 , 0
1568 , 814 , 4 , 0
1548 , 814 , 5 , 0
2178 , 814 , 4 , 0
711 , 814 , 1 , 0
1828 , 815 , 7 , 0
3639 , 815 , 1 , 0
2597 , 815 , 3 , 0
2980 , 815 , 2 , 0
2478 , 816 , 7 , 0
2679 , 816 , 2 , 0
1600 , 816 , 5 , 0
4816 , 816 , 7 , 0
4867 , 816 , 7 , 0
1237 , 817 , 1 , 0
70 , 817 , 6 , 0
4440 , 818 , 2 , 0
1953 , 818 , 1 , 0
4424 , 818 , 6 , 0
3277 , 818 , 6 , 0
708 , 818 , 2 , 0
1101 , 819 , 8 , 0
792 , 819 , 5 , 0
3355 , 820 , 7 , 0
2942 , 820 , 4 , 0
4497 , 820 , 3 , 0
2985 , 821 , 8 , 0
2766 , 821 , 2 , 0
3936 , 821 , 7 , 0
142 , 821 , 8 , 0
3161 , 821 , 3 , 0
3841 , 821 , 1 , 0
3984 , 822 , 4 , 0
2553 , 822 , 7 , 0
4922 , 822 , 7 , 0
3370 , 822 , 8 , 0
1057 , 822 , 1 , 0
2629 , 822 , 6 , 0
4609 , 823 , 5 , 0
835 , 823 , 1 , 0
2014 , 823 , 7 , 0
1395 , 823 , 4 , 0
1079 , 823 , 2 , 0
3403 , 823 , 7 , 0
1023 , 823 , 4 , 0
3692 , 823 , 6 , 0
2462 , 823 , 4 , 0
756 , 823 , 8 , 0
2209 , 823 , 1 , 0
190 , 823 , 6 , 0
4107 , 824 , 1 , 0
1485 , 824 , 4 , 0
1171 , 824 , 2 , 0
520 , 825 , 6 , 0
1064 , 825 , 8 , 0
1664 , 825 , 4 , 0
3022 , 825 , 6 , 0
3495 , 825 , 7 , 0
4916 , 826 , 8 , 0
2206 , 826 , 3 , 0
1969 , 826 , 1 , 0
4635 , 826 , 4 , 0
855 , 826 , 3 , 0
4622 , 826 , 4 , 0
4951 , 826 , 2 , 0
3256 , 826 , 5 , 0
2050 , 826 , 4 , 0
4650 , 826 , 6 , 0
1916 , 827 , 6 , 0
778 , 827 , 1 , 0
3881 , 827 , 8 , 0
1158 , 828 , 8 , 0
746 , 828 , 6 , 0
1297 , 828 , 6 , 0
1098 , 828 , 1 , 0
117 , 828 , 6 , 0
3384 , 828 , 3 , 0
1207 , 829 , 4 , 0
4940 , 829 , 4 , 0
1116 , 829 , 8 , 0
4158 , 829 , 1 , 0
4957 , 829 , 1 , 0
3682 , 830 , 2 , 0
3909 , 830 , 7 , 0
155 , 830 , 4 , 0
315 , 830 , 8 , 0
4059 , 830 , 7 , 0
2017 , 831 , 1 , 0
3561 , 831 , 2 , 0
4526 , 831 , 1 , 0
4857 , 831 , 2 , 0
1770 , 831 , 6 , 0
4311 , 831 , 7 , 0
3279 , 831 , 1 , 0
635 , 831 , 1 , 0
1569 , 832 , 2 , 0
1022 , 832 , 5 , 0
796 , 832 , 4 , 0
1346 , 832 , 1 , 0
2592 , 832 , 6 , 0
345 , 832 , 2 , 0
4399 , 832 , 1 , 0
2666 , 833 , 2 , 0
150 , 833 , 6 , 0
2729 , 833 , 3 , 0
4263 , 834 , 4 , 0
1806 , 834 , 3 , 0
4047 , 834 , 2 , 0
1021 , 834 , 8 , 0
3204 , 835 , 6 , 0
1861 , 835 , 8 , 0
3545 , 835 , 6 , 0
3799 , 835 , 3 , 0
2671 , 835 , 4 , 0
2653 , 836 , 4 , 0
2839 , 836 , 3 , 0
487 , 836 , 8 , 0
1797 , 836 , 3 , 0
4525 , 836 , 8 , 0
4058 , 837 , 5 , 0
2561 , 837 , 8 , 0
1200 , 837 , 5 , 0
342 , 837 , 7 , 0
3544 , 837 , 6 , 0
1758 , 838 , 1 , 0
4581 , 838 , 5 , 0
4632 , 838 , 4 , 0
3976 , 838 , 5 , 0
2177 , 839 , 8 , 0
2285 , 839 , 1 , 0
2052 , 839 , 3 , 0
666 , 840 , 4 , 0
1875 , 840 , 8 , 0
4847 , 840 , 2 , 0
2136 , 840 , 2 , 0
138 , 840 , 6 , 0
2916 , 840 , 5 , 0
297 , 841 , 8 , 0
4971 , 841 , 1 , 0
2126 , 841 , 1 , 0
2289 , 841 , 5 , 0
2552 , 841 , 4 , 0
1587 , 842 , 1 , 0
251 , 842 , 3 , 0
1362 , 842 , 2 , 0
2681 , 842 , 6 , 0
3604 , 843 , 6 , 0
2555 , 843 , 7 , 0
1084 , 843 , 3 , 0
1065 , 843 , 8 , 0
1167 , 843 , 5 , 0
2124 , 843 , 1 , 0
2961 , 843 , 5 , 0
417 , 843 , 5 , 0
3599 , 844 , 5 , 0
4880 , 844 , 4 , 0
2722 , 844 , 1 , 0
843 , 844 , 6 , 0
4450 , 844 , 6 , 0
2613 , 845 , 1 , 0
3531 , 845 , 8 , 0
4005 , 845 , 4 , 0
2003 , 845 , 4 , 0
2015 , 845 , 2 , 0
4327 , 845 , 4 , 0
3183 , 846 , 3 , 0
4511 , 846 , 4 , 0
3033 , 846 , 5 , 0
1636 , 847 , 8 , 0
2388 , 847 , 2 , 0
1474 , 847 , 3 , 0
975 , 848 , 8 , 0
1323 , 848 , 4 , 0
3048 , 848 , 3 , 0
2204 , 848 , 8 , 0
4204 , 848 , 4 , 0
1826 , 848 , 8 , 0
2255 , 849 , 3 , 0
2721 , 849 , 3 , 0
2267 , 849 , 6 , 0
832 , 849 , 4 , 0
2701 , 850 , 5 , 0
776 , 850 , 3 , 0
2187 , 850 , 7 , 0
601 , 851 , 2 , 0
1341 , 851 , 6 , 0
27 , 851 , 8 , 0
3631 , 852 , 7 , 0
3463 , 852 , 4 , 0
3470 , 852 , 2 , 0
327 , 853 , 2 , 0
557 , 853 , 1 , 0
1268 , 853 , 7 , 0
1077 , 853 , 2 , 0
707 , 853 , 6 , 0
1647 , 853 , 6 , 0
4693 , 853 , 2 , 0
4566 , 853 , 2 , 0
0 , 853 , 6 , 0
2375 , 853 , 2 , 0
3156 , 854 , 7 , 0
4369 , 854 , 1 , 0
266 , 854 , 2 , 0
1244 , 854 , 7 , 0
729 , 854 , 4 , 0
2068 , 854 , 5 , 0
2330 , 854 , 6 , 0
656 , 855 , 7 , 0
2261 , 855 , 1 , 0
2063 , 855 , 4 , 0
1800 , 855 , 6 , 0
2105 , 856 , 2 , 0
12 , 856 , 6 , 0
504 , 856 , 6 , 0
2851 , 856 , 7 , 0
997 , 856 , 5 , 0
3821 , 856 , 5 , 0
4468 , 856 , 1 , 0
3017 , 857 , 5 , 0
884 , 857 , 7 , 0
1805 , 857 , 4 , 0
2146 , 857 , 1 , 0
481 , 857 , 6 , 0
1732 , 857 , 4 , 0
3178 , 858 , 6 , 0
1869 , 858 , 4 , 0
1216 , 858 , 3 , 0
3693 , 859 , 1 , 0
4681 , 859 , 1 , 0
4784 , 859 , 3 , 0
4820 , 859 , 3 , 0
4787 , 859 , 1 , 0
4262 , 860 , 2 , 0
1695 , 860 , 1 , 0
3053 , 860 , 3 , 0
3782 , 860 , 1 , 0
555 , 861 , 4 , 0
562 , 861 , 7 , 0
4542 , 861 , 4 , 0
1343 , 861 , 5 , 0
929 , 861 , 6 , 0
2502 , 861 , 7 , 0
3944 , 862 , 3 , 0
2307 , 862 , 3 , 0
1087 , 862 , 8 , 0
174 , 862 , 4 , 0
1186 , 863 , 1 , 0
314 , 863 , 2 , 0
9 , 863 , 4 , 0
2431 , 863 , 8 , 0
2580 , 863 , 8 , 0
769 , 864 , 2 , 0
1920 , 864 , 8 , 0
3516 , 864 , 2 , 0
3917 , 865 , 7 , 0
985 , 865 , 5 , 0
369 , 865 , 1 , 0
3257 , 865 , 4 , 0
3680 , 865 , 5 , 0
238 , 865 , 5 , 0
4744 , 865 , 3 , 0
1387 , 866 , 8 , 0
2318 , 866 , 3 , 0
1631 , 866 , 7 , 0
949 , 866 , 6 , 0
1578 , 866 , 7 , 0
1180 , 867 , 7 , 0
1832 , 867 , 4 , 0
2024 , 867 , 8 , 0
2100 , 867 , 5 , 0
4066 , 867 , 6 , 0
653 , 867 , 2 , 0
3986 , 867 , 7 , 0
722 , 867 , 3 , 0
600 , 867 , 8 , 0
1231 , 867 , 5 , 0
3080 , 868 , 6 , 0
931 , 868 , 7 , 0
1911 , 868 , 6 , 0
2168 , 868 , 5 , 0
3832 , 869 , 7 , 0
4725 , 869 , 3 , 0
3528 , 870 , 5 , 0
1680 , 870 , 4 , 0
3273 , 870 , 4 , 0
4641 , 870 , 1 , 0
4685 , 871 , 3 , 0
4007 , 871 , 5 , 0
1595 , 871 , 7 , 0
1194 , 871 , 4 , 0
2636 , 872 , 3 , 0
4427 , 872 , 4 , 0
2350 , 873 , 8 , 0
1451 , 873 , 5 , 0
4734 , 873 , 7 , 0
2720 , 874 , 3 , 0
4068 , 874 , 2 , 0
2021 , 874 , 1 , 0
479 , 874 , 4 , 0
1601 , 874 , 4 , 0
4213 , 874 , 3 , 0
3481 , 875 , 4 , 0
2983 , 875 , 1 , 0
3731 , 875 , 8 , 0
4582 , 875 , 4 , 0
2381 , 875 , 7 , 0
602 , 875 , 7 , 0
2264 , 875 , 5 , 0
1261 , 876 , 3 , 0
1536 , 876 , 8 , 0
1972 , 876 , 7 , 0
163 , 876 , 5 , 0
2501 , 877 , 6 , 0
3945 , 877 , 6 , 0
4498 , 878 , 8 , 0
1182 , 879 , 6 , 0
1971 , 879 , 6 , 0
1707 , 879 , 2 , 0
3039 , 879 , 4 , 0
10 , 879 , 6 , 0
742 , 880 , 7 , 0
3583 , 880 , 8 , 0
2566 , 880 , 8 , 0
810 , 880 , 5 , 0
3632 , 880 , 1 , 0
4727 , 880 , 2 , 0
2273 , 881 , 6 , 0
4190 , 881 , 4 , 0
3292 , 881 , 8 , 0
2782 , 882 , 6 , 0
2148 , 882 , 5 , 0
2752 , 882 , 5 , 0
1135 , 882 , 8 , 0
1902 , 882 , 7 , 0
2095 , 883 , 2 , 0
2143 , 883 , 4 , 0
113 , 883 , 4 , 0
697 , 883 , 7 , 0
544 , 883 , 3 , 0
1955 , 883 , 2 , 0
4713 , 884 , 1 , 0
2196 , 884 , 6 , 0
1209 , 884 , 3 , 0
1334 , 884 , 2 , 0
1144 , 884 , 6 , 0
2338 , 885 , 3 , 0
2079 , 885 , 3 , 0
2658 , 885 , 4 , 0
1929 , 885 , 5 , 0
894 , 885 , 3 , 0
2432 , 885 , 1 , 0
4256 , 886 , 8 , 0
4777 , 886 , 4 , 0
445 , 886 , 3 , 0
4100 , 886 , 8 , 0
3338 , 886 , 1 , 0
469 , 887 , 8 , 0
1354 , 887 , 1 , 0
841 , 887 , 6 , 0
1306 , 887 , 2 , 0
4804 , 887 , 3 , 0
3106 , 887 , 3 , 0
3562 , 888 , 3 , 0
3778 , 888 , 5 , 0
2328 , 888 , 8 , 0
3610 , 888 , 6 , 0
1549 , 888 , 7 , 0
1385 , 888 , 3 , 0
744 , 888 , 2 , 0
2036 , 889 , 1 , 0
1974 , 889 , 7 , 0
4491 , 889 , 4 , 0
48 , 890 , 3 , 0
3798 , 890 , 4 , 0
2518 , 890 , 5 , 0
3713 , 890 , 8 , 0
2621 , 891 , 8 , 0
1624 , 891 , 7 , 0
2262 , 891 , 8 , 0
3306 , 891 , 1 , 0
3694 , 892 , 2 , 0
996 , 892 , 4 , 0
1646 , 892 , 1 , 0
2041 , 892 , 3 , 0
4858 , 893 , 7 , 0
2798 , 893 , 2 , 0
202 , 893 , 3 , 0
4230 , 893 , 4 , 0
4579 , 893 , 6 , 0
1565 , 893 , 1 , 0
639 , 893 , 5 , 0
1613 , 893 , 3 , 0
4478 , 894 , 7 , 0
3921 , 894 , 2 , 0
1327 , 894 , 8 , 0
2302 , 895 , 1 , 0
3169 , 895 , 8 , 0
2588 , 895 , 7 , 0
802 , 896 , 2 , 0
4597 , 896 , 5 , 0
3853 , 896 , 7 , 0
1749 , 896 , 5 , 0
3310 , 897 , 7 , 0
1136 , 897 , 2 , 0
3055 , 897 , 6 , 0
78 , 897 , 8 , 0
2503 , 897 , 8 , 0
4647 , 897 , 5 , 0
4458 , 898 , 8 , 0
460 , 898 , 8 , 0
1378 , 898 , 5 , 0
1627 , 898 , 7 , 0
3392 , 898 , 7 , 0
1801 , 899 , 1 , 0
3970 , 899 , 4 , 0
1373 , 899 , 8 , 0
3224 , 899 , 2 , 0
1038 , 899 , 2 , 0
2655 , 900 , 1 , 0
2227 , 900 , 7 , 0
1018 , 900 , 4 , 0
323 , 900 , 4 , 0
1272 , 900 , 1 , 0
472 , 900 , 1 , 0
4708 , 901 , 7 , 0
4067 , 901 , 5 , 0
3746 , 901 , 7 , 0
1963 , 901 , 7 , 0
41 , 901 , 3 , 0
761 , 901 , 1 , 0
914 , 901 , 2 , 0
2233 , 902 , 3 , 0
4615 , 903 , 1 , 0
3890 , 903 , 2 , 0
3030 , 903 , 6 , 0
1767 , 903 , 7 , 0
4447 , 903 , 6 , 0
2932 , 903 , 4 , 0
3136 , 904 , 7 , 0
1706 , 904 , 8 , 0
1508 , 904 , 1 , 0
3269 , 904 , 4 , 0
1271 , 904 , 6 , 0
3522 , 904 , 6 , 0
1907 , 904 , 8 , 0
4259 , 905 , 1 , 0
4979 , 905 , 4 , 0
1350 , 905 , 8 , 0
4956 , 906 , 7 , 0
917 , 906 , 6 , 0
4796 , 906 , 2 , 0
1162 , 907 , 5 , 0
1816 , 907 , 5 , 0
3063 , 908 , 2 , 0
1215 , 908 , 4 , 0
409 , 908 , 3 , 0
4042 , 909 , 2 , 0
3877 , 909 , 1 , 0
910 , 909 , 8 , 0
3527 , 909 , 4 , 0
1234 , 909 , 4 , 0
3189 , 909 , 4 , 0
2893 , 909 , 2 , 0
1534 , 910 , 3 , 0
4099 , 910 , 2 , 0
3177 , 910 , 2 , 0
1497 , 910 , 5 , 0
1775 , 910 , 8 , 0
2311 , 910 , 4 , 0
131 , 911 , 4 , 0
4522 , 912 , 1 , 0
1073 , 912 , 1 , 0
1105 , 912 , 2 , 0
2339 , 912 , 5 , 0
3268 , 912 , 8 , 0
1462 , 912 , 2 , 0
2786 , 912 , 7 , 0
2390 , 913 , 4 , 0
4574 , 913 , 2 , 0
4 , 913 , 7 , 0
1117 , 913 , 6 , 0
948 , 913 , 1 , 0
3819 , 913 , 5 , 0
2392 , 914 , 4 , 0
1176 , 914 , 4 , 0
1047 , 914 , 1 , 0
2173 , 914 , 6 , 0
4882 , 914 , 8 , 0
465 , 916 , 3 , 0
1320 , 916 , 6 , 0
4250 , 916 , 1 , 0
733 , 916 , 1 , 0
3613 , 916 , 4 , 0
3720 , 917 , 8 , 0
2706 , 917 , 1 , 0
3167 , 917 , 6 , 0
3806 , 918 , 3 , 0
3834 , 918 , 4 , 0
747 , 918 , 7 , 0
4331 , 918 , 8 , 0
1302 , 918 , 3 , 0
1161 , 920 , 4 , 0
1150 , 920 , 2 , 0
3449 , 920 , 5 , 0
4593 , 920 , 8 , 0
322 , 920 , 3 , 0
2745 , 920 , 7 , 0
1589 , 920 , 1 , 0
1253 , 921 , 4 , 0
3356 , 921 , 1 , 0
1823 , 921 , 8 , 0
908 , 921 , 2 , 0
4869 , 921 , 5 , 0
3098 , 921 , 4 , 0
4999 , 922 , 2 , 0
4445 , 922 , 5 , 0
4655 , 922 , 5 , 0
788 , 922 , 1 , 0
1836 , 922 , 2 , 0
628 , 922 , 4 , 0
3322 , 923 , 6 , 0
4890 , 923 , 7 , 0
2407 , 923 , 8 , 0
645 , 923 , 1 , 0
3072 , 924 , 1 , 0
2702 , 924 , 1 , 0
2139 , 924 , 8 , 0
4363 , 924 , 4 , 0
104 , 924 , 1 , 0
4475 , 924 , 2 , 0
2883 , 925 , 7 , 0
3498 , 925 , 1 , 0
4368 , 925 , 2 , 0
3181 , 925 , 2 , 0
1049 , 926 , 7 , 0
175 , 926 , 6 , 0
3654 , 926 , 1 , 0
1460 , 926 , 8 , 0
28 , 926 , 2 , 0
2773 , 926 , 4 , 0
2541 , 926 , 4 , 0
2343 , 926 , 6 , 0
724 , 926 , 2 , 0
4354 , 927 , 3 , 0
3118 , 927 , 7 , 0
210 , 928 , 2 , 0
2189 , 928 , 3 , 0
3831 , 928 , 6 , 0
2349 , 929 , 4 , 0
4288 , 929 , 6 , 0
1844 , 929 , 5 , 0
4947 , 929 , 5 , 0
1351 , 929 , 6 , 0
1716 , 929 , 7 , 0
1464 , 930 , 7 , 0
3869 , 930 , 2 , 0
3785 , 930 , 2 , 0
3216 , 931 , 4 , 0
1763 , 931 , 2 , 0
1759 , 932 , 4 , 0
258 , 932 , 4 , 0
2437 , 932 , 7 , 0
582 , 932 , 5 , 0
275 , 932 , 1 , 0
833 , 933 , 4 , 0
2689 , 933 , 6 , 0
3601 , 933 , 2 , 0
820 , 933 , 7 , 0
3750 , 933 , 6 , 0
3679 , 934 , 3 , 0
3802 , 934 , 4 , 0
891 , 934 , 3 , 0
1899 , 934 , 2 , 0
2543 , 934 , 7 , 0
2523 , 934 , 6 , 0
4748 , 935 , 6 , 0
1618 , 935 , 2 , 0
1301 , 935 , 3 , 0
1374 , 935 , 4 , 0
3440 , 935 , 8 , 0
458 , 935 , 3 , 0
2363 , 936 , 2 , 0
1912 , 936 , 1 , 0
888 , 936 , 2 , 0
3125 , 936 , 8 , 0
2047 , 937 , 5 , 0
4109 , 937 , 5 , 0
1970 , 937 , 8 , 0
172 , 938 , 7 , 0
3616 , 938 , 7 , 0
4879 , 938 , 4 , 0
3450 , 938 , 5 , 0
3309 , 939 , 6 , 0
4700 , 939 , 5 , 0
3024 , 939 , 6 , 0
1313 , 939 , 1 , 0
2781 , 939 , 3 , 0
1853 , 939 , 7 , 0
4027 , 940 , 5 , 0
4797 , 940 , 1 , 0
3369 , 940 , 6 , 0
3740 , 940 , 4 , 0
4094 , 940 , 3 , 0
807 , 940 , 4 , 0
2007 , 941 , 6 , 0
4404 , 941 , 8 , 0
416 , 941 , 2 , 0
1274 , 941 , 7 , 0
4023 , 941 , 3 , 0
2414 , 942 , 3 , 0
4998 , 942 , 3 , 0
4333 , 942 , 3 , 0
1557 , 942 , 5 , 0
4737 , 942 , 2 , 0
2922 , 942 , 4 , 0
560 , 942 , 1 , 0
845 , 942 , 7 , 0
1264 , 943 , 2 , 0
4745 , 943 , 7 , 0
2807 , 944 , 6 , 0
3502 , 944 , 8 , 0
180 , 944 , 2 , 0
1772 , 945 , 5 , 0
1753 , 945 , 5 , 0
4600 , 945 , 3 , 0
873 , 945 , 8 , 0
2102 , 945 , 2 , 0
665 , 946 , 7 , 0
2924 , 946 , 5 , 0
3430 , 946 , 5 , 0
4830 , 946 , 7 , 0
1394 , 946 , 2 , 0
552 , 947 , 2 , 0
784 , 947 , 8 , 0
4247 , 947 , 1 , 0
4001 , 947 , 6 , 0
1106 , 948 , 2 , 0
4199 , 948 , 5 , 0
242 , 948 , 1 , 0
3424 , 948 , 2 , 0
758 , 948 , 7 , 0
3723 , 948 , 2 , 0
4541 , 948 , 1 , 0
2772 , 948 , 7 , 0
2144 , 949 , 7 , 0
2271 , 949 , 1 , 0
2231 , 949 , 3 , 0
432 , 949 , 8 , 0
736 , 950 , 8 , 0
4038 , 950 , 4 , 0
2759 , 950 , 1 , 0
89 , 950 , 2 , 0
4755 , 950 , 6 , 0
2818 , 950 , 6 , 0
2659 , 951 , 5 , 0
2615 , 951 , 1 , 0
4266 , 951 , 3 , 0
1949 , 952 , 4 , 0
3788 , 952 , 5 , 0
3049 , 952 , 8 , 0
2795 , 952 , 1 , 0
3627 , 952 , 3 , 0
3107 , 952 , 8 , 0
1236 , 952 , 5 , 0
4733 , 952 , 1 , 0
4772 , 952 , 8 , 0
3482 , 952 , 2 , 0
4419 , 952 , 7 , 0
1537 , 953 , 6 , 0
455 , 953 , 8 , 0
2077 , 953 , 5 , 0
1650 , 953 , 5 , 0
3761 , 953 , 4 , 0
974 , 953 , 5 , 0
4699 , 953 , 2 , 0
220 , 953 , 7 , 0
1048 , 953 , 3 , 0
1743 , 954 , 8 , 0
2830 , 954 , 3 , 0
2568 , 954 , 5 , 0
3375 , 954 , 3 , 0
4732 , 954 , 2 , 0
3989 , 954 , 5 , 0
4309 , 954 , 7 , 0
2606 , 955 , 2 , 0
4306 , 955 , 1 , 0
3925 , 955 , 1 , 0
1074 , 955 , 4 , 0
1821 , 955 , 7 , 0
4236 , 955 , 4 , 0
498 , 955 , 4 , 0
4378 , 955 , 5 , 0
1535 , 956 , 4 , 0
4931 , 956 , 5 , 0
4430 , 956 , 7 , 0
2609 , 957 , 3 , 0
2858 , 957 , 4 , 0
4934 , 957 , 3 , 0
2885 , 957 , 3 , 0
4349 , 957 , 1 , 0
3274 , 957 , 2 , 0
161 , 958 , 5 , 0
4071 , 958 , 1 , 0
3825 , 958 , 7 , 0
295 , 958 , 6 , 0
3592 , 958 , 8 , 0
1642 , 958 , 3 , 0
2583 , 958 , 5 , 0
3987 , 958 , 7 , 0
3754 , 958 , 7 , 0
3756 , 958 , 1 , 0
2023 , 958 , 2 , 0
3329 , 959 , 4 , 0
4510 , 959 , 5 , 0
4698 , 959 , 6 , 0
4082 , 959 , 6 , 0
1991 , 959 , 6 , 0
2438 , 959 , 6 , 0
1310 , 959 , 1 , 0
4706 , 959 , 7 , 0
3323 , 961 , 6 , 0
4205 , 961 , 8 , 0
3643 , 961 , 1 , 0
2536 , 961 , 5 , 0
1002 , 961 , 8 , 0
2089 , 962 , 4 , 0
2134 , 962 , 8 , 0
244 , 962 , 8 , 0
1514 , 962 , 4 , 0
1296 , 962 , 2 , 0
694 , 962 , 2 , 0
4806 , 962 , 7 , 0
2260 , 963 , 3 , 0
3547 , 963 , 7 , 0
4930 , 963 , 1 , 0
1332 , 963 , 6 , 0
4988 , 963 , 6 , 0
609 , 963 , 2 , 0
4826 , 964 , 8 , 0
941 , 964 , 2 , 0
3507 , 964 , 8 , 0
885 , 964 , 5 , 0
400 , 964 , 2 , 0
1644 , 964 , 6 , 0
4070 , 964 , 1 , 0
2901 , 965 , 1 , 0
4279 , 965 , 3 , 0
3971 , 965 , 1 , 0
2841 , 965 , 4 , 0
3249 , 965 , 1 , 0
7 , 965 , 7 , 0
1975 , 965 , 3 , 0
2442 , 965 , 1 , 0
3184 , 965 , 4 , 0
147 , 965 , 3 , 0
3114 , 966 , 2 , 0
289 , 966 , 7 , 0
4555 , 966 , 5 , 0
2783 , 966 , 6 , 0
2575 , 966 , 7 , 0
3667 , 967 , 2 , 0
2147 , 967 , 3 , 0
2294 , 967 , 7 , 0
2712 , 967 , 7 , 0
1532 , 967 , 6 , 0
4343 , 968 , 6 , 0
214 , 968 , 3 , 0
995 , 968 , 4 , 0
1590 , 968 , 5 , 0
1042 , 968 , 6 , 0
2420 , 969 , 5 , 0
4045 , 969 , 2 , 0
806 , 969 , 5 , 0
1163 , 969 , 2 , 0
24 , 969 , 4 , 0
3318 , 969 , 1 , 0
4390 , 969 , 5 , 0
1887 , 970 , 5 , 0
2433 , 970 , 7 , 0
23 , 970 , 1 , 0
124 , 970 , 2 , 0
903 , 970 , 3 , 0
2241 , 970 , 1 , 0
94 , 970 , 2 , 0
4120 , 970 , 1 , 0
940 , 971 , 4 , 0
2469 , 971 , 3 , 0
372 , 971 , 8 , 0
574 , 972 , 5 , 0
491 , 972 , 6 , 0
3636 , 972 , 2 , 0
11 , 972 , 5 , 0
1085 , 972 , 6 , 0
4332 , 972 , 4 , 0
4994 , 972 , 1 , 0
272 , 972 , 5 , 0
2704 , 972 , 1 , 0
3529 , 972 , 3 , 0
3221 , 972 , 7 , 0
3037 , 973 , 6 , 0
2862 , 973 , 4 , 0
4291 , 973 , 4 , 0
1611 , 973 , 4 , 0
961 , 974 , 4 , 0
2881 , 974 , 1 , 0
1688 , 974 , 8 , 0
2053 , 974 , 4 , 0
705 , 975 , 1 , 0
2973 , 975 , 6 , 0
4041 , 975 , 1 , 0
3287 , 975 , 7 , 0
4340 , 975 , 1 , 0
110 , 976 , 4 , 0
1798 , 976 , 1 , 0
3175 , 976 , 1 , 0
960 , 976 , 3 , 0
1292 , 976 , 8 , 0
1623 , 976 , 1 , 0
3570 , 977 , 1 , 0
651 , 977 , 3 , 0
3961 , 977 , 1 , 0
2873 , 978 , 4 , 0
2884 , 978 , 5 , 0
1879 , 978 , 3 , 0
1957 , 978 , 6 , 0
3394 , 978 , 4 , 0
2903 , 978 , 3 , 0
3042 , 978 , 8 , 0
4356 , 978 , 4 , 0
1137 , 979 , 2 , 0
319 , 979 , 3 , 0
1159 , 979 , 8 , 0
4482 , 979 , 2 , 0
290 , 979 , 8 , 0
3860 , 979 , 4 , 0
38 , 979 , 8 , 0
4751 , 980 , 1 , 0
2057 , 980 , 5 , 0
1566 , 980 , 2 , 0
2325 , 980 , 3 , 0
4815 , 981 , 2 , 0
3089 , 981 , 3 , 0
1457 , 982 , 5 , 0
4533 , 982 , 4 , 0
4181 , 982 , 6 , 0
4873 , 982 , 7 , 0
4348 , 982 , 2 , 0
4569 , 982 , 6 , 0
2451 , 982 , 1 , 0
1573 , 982 , 7 , 0
3267 , 982 , 1 , 0
2342 , 982 , 7 , 0
3139 , 983 , 2 , 0
2329 , 983 , 4 , 0
2567 , 983 , 1 , 0
4039 , 983 , 6 , 0
3295 , 983 , 3 , 0
3263 , 984 , 8 , 0
1881 , 984 , 3 , 0
476 , 984 , 1 , 0
2638 , 985 , 2 , 0
3942 , 985 , 8 , 0
2850 , 985 , 6 , 0
1936 , 985 , 1 , 0
3480 , 985 , 8 , 0
2091 , 986 , 4 , 0
2944 , 986 , 1 , 0
509 , 986 , 8 , 0
661 , 986 , 5 , 0
453 , 986 , 7 , 0
4287 , 986 , 2 , 0
3730 , 986 , 2 , 0
2878 , 986 , 1 , 0
3905 , 986 , 4 , 0
1562 , 987 , 7 , 0
451 , 987 , 3 , 0
967 , 987 , 2 , 0
1708 , 988 , 1 , 0
2799 , 988 , 6 , 0
4219 , 988 , 8 , 0
486 , 988 , 2 , 0
2605 , 988 , 3 , 0
1358 , 989 , 5 , 0
702 , 989 , 4 , 0
2910 , 989 , 3 , 0
446 , 990 , 1 , 0
3933 , 990 , 8 , 0
1218 , 990 , 3 , 0
902 , 990 , 8 , 0
765 , 990 , 4 , 0
2711 , 991 , 6 , 0
4722 , 991 , 2 , 0
2131 , 991 , 4 , 0
3407 , 991 , 6 , 0
3315 , 991 , 1 , 0
1377 , 991 , 8 , 0
519 , 991 , 1 , 0
2713 , 991 , 8 , 0
3910 , 991 , 5 , 0
3892 , 991 , 1 , 0
1134 , 992 , 4 , 0
300 , 992 , 8 , 0
1123 , 992 , 8 , 0
4334 , 992 , 7 , 0
1713 , 992 , 7 , 0
3742 , 992 , 2 , 0
3324 , 992 , 2 , 0
4104 , 992 , 1 , 0
1224 , 993 , 6 , 0
1952 , 993 , 8 , 0
4127 , 993 , 6 , 0
1225 , 993 , 3 , 0
1979 , 993 , 3 , 0
3721 , 993 , 3 , 0
4923 , 993 , 8 , 0
1269 , 994 , 7 , 0
4684 , 994 , 3 , 0
91 , 994 , 6 , 0
58 , 994 , 3 , 0
854 , 994 , 8 , 0
686 , 994 , 8 , 0
3262 , 994 , 4 , 0
4864 , 994 , 7 , 0
373 , 994 , 6 , 0
1413 , 994 , 4 , 0
226 , 994 , 1 , 0
1423 , 995 , 6 , 0
4608 , 995 , 3 , 0
2133 , 995 , 8 , 0
4009 , 995 , 4 , 0
4374 , 995 , 3 , 0
4538 , 995 , 2 , 0
4627 , 995 , 5 , 0
4341 , 995 , 5 , 0
2283 , 995 , 6 , 0
3217 , 995 , 5 , 0
2410 , 996 , 1 , 0
3011 , 996 , 6 , 0
3437 , 996 , 6 , 0
4499 , 996 , 7 , 0
2540 , 997 , 6 , 0
1714 , 997 , 2 , 0
713 , 998 , 5 , 0
4231 , 999 , 3 , 0
2197 , 999 , 8 , 0
4226 , 999 , 7 , 0
4715 , 999 , 8 , 0
3920 , 999 , 5 , 0
1841 , 999 , 6 , 0
1593 , 999 , 6 , 0
351 , 999 , 6 , 0
4813 , 1000 , 6 , 0
789 , 1000 , 7 , 0
1051 , 1000 , 1 , 0
3496 , 1000 , 6 , 0
3061 , 1000 , 6 , 0
449 , 1000 , 6 , 0
4257 , 1000 , 6 , 0
507 , 1001 , 5 , 0
1265 , 1001 , 7 , 0
4740 , 1001 , 1 , 0
4550 , 1001 , 4 , 0
537 , 1001 , 7 , 0
4937 , 1001 , 8 , 0
4639 , 1002 , 3 , 0
2467 , 1002 , 4 , 0
3280 , 1002 , 8 , 0
2305 , 1002 , 2 , 0
2972 , 1002 , 2 , 0
1141 , 1002 , 5 , 0
773 , 1002 , 8 , 0
3232 , 1003 , 7 , 0
2911 , 1004 , 7 , 0
942 , 1004 , 2 , 0
827 , 1005 , 5 , 0
856 , 1005 , 1 , 0
3883 , 1006 , 8 , 0
3021 , 1006 , 4 , 0
4316 , 1006 , 8 , 0
1276 , 1006 , 2 , 0
857 , 1006 , 3 , 0
60 , 1006 , 3 , 0
1177 , 1007 , 7 , 0
3206 , 1007 , 5 , 0
1094 , 1007 , 4 , 0
864 , 1007 , 4 , 0
1609 , 1008 , 4 , 0
3653 , 1008 , 2 , 0
4184 , 1008 , 1 , 0
2908 , 1008 , 7 , 0
1696 , 1008 , 2 , 0
1649 , 1008 , 5 , 0
4915 , 1008 , 7 , 0
3605 , 1009 , 4 , 0
3534 , 1009 , 6 , 0
363 , 1009 , 3 , 0
145 , 1009 , 1 , 0
4646 , 1009 , 6 , 0
2221 , 1010 , 6 , 0
4575 , 1010 , 3 , 0
1946 , 1010 , 4 , 0
3313 , 1010 , 4 , 0
4336 , 1010 , 1 , 0
1638 , 1010 , 5 , 0
3486 , 1011 , 1 , 0
3260 , 1011 , 2 , 0
2618 , 1011 , 8 , 0
248 , 1012 , 2 , 0
529 , 1012 , 7 , 0
3426 , 1012 , 8 , 0
2670 , 1012 , 1 , 0
655 , 1012 , 2 , 0
4423 , 1013 , 2 , 0
3781 , 1013 , 6 , 0
2429 , 1013 , 2 , 0
283 , 1013 , 5 , 0
2897 , 1013 , 4 , 0
2385 , 1013 , 4 , 0
2213 , 1014 , 1 , 0
2202 , 1014 , 1 , 0
4141 , 1014 , 7 , 0
2891 , 1014 , 8 , 0
1436 , 1014 , 6 , 0
2776 , 1015 , 1 , 0
3566 , 1015 , 5 , 0
4672 , 1015 , 1 , 0
20 , 1015 , 8 , 0
625 , 1015 , 7 , 0
259 , 1016 , 6 , 0
4046 , 1016 , 7 , 0
1157 , 1016 , 3 , 0
3077 , 1016 , 7 , 0
4808 , 1016 , 1 , 0
1734 , 1017 , 4 , 0
195 , 1017 , 8 , 0
340 , 1017 , 6 , 0
2695 , 1017 , 5 , 0
4304 , 1017 , 5 , 0
898 , 1017 , 3 , 0
1129 , 1017 , 1 , 0
3455 , 1017 , 2 , 0
4502 , 1018 , 1 , 0
1319 , 1018 , 2 , 0
2101 , 1018 , 1 , 0
4028 , 1018 , 2 , 0
2784 , 1019 , 3 , 0
1126 , 1019 , 2 , 0
383 , 1019 , 4 , 0
2768 , 1019 , 5 , 0
2986 , 1019 , 5 , 0
1206 , 1019 , 7 , 0
1434 , 1019 , 3 , 0
3729 , 1019 , 4 , 0
3372 , 1020 , 5 , 0
3855 , 1020 , 6 , 0
274 , 1020 , 1 , 0
3359 , 1020 , 7 , 0
3413 , 1020 , 5 , 0
1282 , 1021 , 2 , 0
4456 , 1021 , 8 , 0
1505 , 1021 , 8 , 0
3284 , 1022 , 2 , 0
3537 , 1022 , 7 , 0
1999 , 1022 , 6 , 0
88 , 1023 , 4 , 0
4904 , 1023 , 5 , 0
3904 , 1023 , 8 , 0
4824 , 1023 , 7 , 0
321 , 1023 , 7 , 0
768 , 1024 , 3 , 0
1096 , 1024 , 4 , 0
2662 , 1024 , 4 , 0
2823 , 1024 , 6 , 0
459 , 1026 , 2 , 0
4305 , 1026 , 1 , 0
4410 , 1026 , 1 , 0
2157 , 1026 , 5 , 0
4261 , 1026 , 7 , 0
2449 , 1027 , 6 , 0
4696 , 1028 , 4 , 0
2657 , 1028 , 7 , 0
1966 , 1028 , 3 , 0
1249 , 1028 , 4 , 0
3158 , 1028 , 2 , 0
1104 , 1028 , 7 , 0
1504 , 1028 , 7 , 0
3886 , 1029 , 5 , 0
4827 , 1029 , 8 , 0
1014 , 1029 , 5 , 0
1669 , 1029 , 5 , 0
2667 , 1029 , 6 , 0
726 , 1029 , 4 , 0
3897 , 1029 , 5 , 0
1352 , 1029 , 4 , 0
524 , 1029 , 1 , 0
3130 , 1030 , 6 , 0
4643 , 1030 , 4 , 0
4512 , 1030 , 7 , 0
1433 , 1030 , 3 , 0
2904 , 1030 , 8 , 0
1771 , 1031 , 4 , 0
1178 , 1031 , 6 , 0
4571 , 1032 , 8 , 0
1103 , 1032 , 5 , 0
763 , 1032 , 8 , 0
276 , 1032 , 6 , 0
3979 , 1032 , 5 , 0
3934 , 1032 , 7 , 0
1388 , 1032 , 3 , 0
4573 , 1033 , 4 , 0
2441 , 1033 , 3 , 0
2097 , 1033 , 7 , 0
1682 , 1033 , 7 , 0
159 , 1033 , 2 , 0
913 , 1034 , 8 , 0
2145 , 1034 , 6 , 0
4554 , 1034 , 2 , 0
1863 , 1035 , 8 , 0
4694 , 1035 , 6 , 0
1577 , 1035 , 2 , 0
2565 , 1035 , 6 , 0
2899 , 1035 , 7 , 0
2366 , 1036 , 3 , 0
4903 , 1036 , 4 , 0
3276 , 1036 , 3 , 0
1032 , 1036 , 8 , 0
4019 , 1037 , 3 , 0
1612 , 1038 , 6 , 0
1344 , 1038 , 5 , 0
2106 , 1039 , 3 , 0
3009 , 1039 , 8 , 0
844 , 1039 , 3 , 0
4032 , 1039 , 6 , 0
3603 , 1040 , 6 , 0
3703 , 1040 , 2 , 0
721 , 1040 , 7 , 0
3766 , 1040 , 2 , 0
3478 , 1040 , 7 , 0
4397 , 1040 , 7 , 0
4097 , 1040 , 8 , 0
916 , 1040 , 2 , 0
4164 , 1041 , 7 , 0
1745 , 1041 , 5 , 0
3503 , 1041 , 3 , 0
3248 , 1042 , 8 , 0
137 , 1042 , 7 , 0
4446 , 1042 , 2 , 0
688 , 1042 , 7 , 0
657 , 1042 , 1 , 0
2211 , 1042 , 3 , 0
4315 , 1043 , 8 , 0
4507 , 1043 , 4 , 0
991 , 1043 , 1 , 0
100 , 1044 , 1 , 0
239 , 1044 , 3 , 0
2990 , 1044 , 4 , 0
90 , 1044 , 5 , 0
798 , 1045 , 7 , 0
2016 , 1045 , 4 , 0
2822 , 1045 , 8 , 0
1721 , 1045 , 7 , 0
2487 , 1045 , 3 , 0
4330 , 1046 , 1 , 0
3856 , 1046 , 7 , 0
1859 , 1046 , 4 , 0
4303 , 1046 , 7 , 0
4954 , 1046 , 7 , 0
3209 , 1046 , 5 , 0
3593 , 1046 , 7 , 0
3725 , 1046 , 3 , 0
3174 , 1046 , 7 , 0
3219 , 1046 , 8 , 0
3898 , 1047 , 3 , 0
3817 , 1047 , 3 , 0
2656 , 1047 , 4 , 0
4407 , 1047 , 1 , 0
3505 , 1047 , 2 , 0
2482 , 1047 , 5 , 0
3434 , 1047 , 8 , 0
1466 , 1047 , 7 , 0
1211 , 1048 , 8 , 0
127 , 1048 , 4 , 0
1233 , 1048 , 6 , 0
3012 , 1048 , 7 , 0
237 , 1048 , 6 , 0
3749 , 1049 , 2 , 0
3397 , 1049 , 5 , 0
2297 , 1049 , 5 , 0
4782 , 1049 , 3 , 0
3695 , 1049 , 2 , 0
230 , 1049 , 4 , 0
1172 , 1049 , 7 , 0
590 , 1049 , 8 , 0
4420 , 1049 , 8 , 0
3272 , 1049 , 4 , 0
3173 , 1049 , 6 , 0
3259 , 1050 , 2 , 0
4790 , 1050 , 4 , 0
4024 , 1050 , 5 , 0
2417 , 1050 , 6 , 0
3067 , 1050 , 4 , 0
17 , 1051 , 8 , 0
2624 , 1051 , 6 , 0
674 , 1051 , 6 , 0
2084 , 1052 , 5 , 0
3108 , 1052 , 7 , 0
1020 , 1052 , 6 , 0
3337 , 1052 , 4 , 0
3567 , 1052 , 5 , 0
4014 , 1052 , 4 , 0
2551 , 1052 , 2 , 0
3958 , 1052 , 4 , 0
1835 , 1052 , 6 , 0
3229 , 1053 , 4 , 0
3443 , 1053 , 2 , 0
2520 , 1053 , 7 , 0
3222 , 1054 , 6 , 0
2947 , 1054 , 6 , 0
253 , 1054 , 3 , 0
3327 , 1054 , 8 , 0
1552 , 1054 , 8 , 0
3745 , 1054 , 5 , 0
2205 , 1054 , 3 , 0
392 , 1055 , 2 , 0
1746 , 1055 , 5 , 0
1254 , 1055 , 3 , 0
2418 , 1055 , 4 , 0
4466 , 1056 , 7 , 0
2115 , 1056 , 7 , 0
3764 , 1056 , 4 , 0
2439 , 1056 , 8 , 0
4780 , 1056 , 5 , 0
2876 , 1057 , 4 , 0
1039 , 1057 , 6 , 0
1760 , 1057 , 2 , 0
3454 , 1058 , 3 , 0
1034 , 1058 , 5 , 0
1054 , 1058 , 8 , 0
2780 , 1058 , 4 , 0
2142 , 1058 , 3 , 0
1604 , 1059 , 2 , 0
826 , 1059 , 8 , 0
822 , 1059 , 5 , 0
2956 , 1059 , 2 , 0
1645 , 1060 , 6 , 0
1284 , 1060 , 6 , 0
772 , 1060 , 5 , 0
718 , 1061 , 8 , 0
51 , 1061 , 7 , 0
2452 , 1061 , 3 , 0
3297 , 1061 , 8 , 0
2306 , 1062 , 7 , 0
4050 , 1062 , 8 , 0
4805 , 1062 , 2 , 0
4665 , 1062 , 7 , 0
2668 , 1062 , 2 , 0
3532 , 1062 , 4 , 0
1063 , 1063 , 3 , 0
751 , 1063 , 2 , 0
1304 , 1063 , 1 , 0
4663 , 1063 , 1 , 0
4166 , 1064 , 8 , 0
2534 , 1064 , 7 , 0
376 , 1064 , 2 , 0
377 , 1064 , 3 , 0
4913 , 1064 , 1 , 0
925 , 1064 , 3 , 0
22 , 1065 , 8 , 0
2083 , 1065 , 5 , 0
97 , 1065 , 1 , 0
687 , 1065 , 5 , 0
471 , 1065 , 2 , 0
3854 , 1066 , 4 , 0
2787 , 1066 , 5 , 0
2989 , 1067 , 4 , 0
2354 , 1067 , 4 , 0
4851 , 1067 , 3 , 0
2963 , 1067 , 8 , 0
3542 , 1068 , 7 , 0
4958 , 1068 , 4 , 0
3700 , 1068 , 6 , 0
2953 , 1068 , 1 , 0
1768 , 1068 , 5 , 0
3578 , 1068 , 1 , 0
4894 , 1068 , 1 , 0
1004 , 1068 , 4 , 0
2894 , 1069 , 6 , 0
4850 , 1069 , 5 , 0
1472 , 1069 , 3 , 0
3808 , 1069 , 4 , 0
4520 , 1069 , 1 , 0
4495 , 1069 , 8 , 0
851 , 1069 , 1 , 0
3633 , 1070 , 1 , 0
4980 , 1070 , 8 , 0
4172 , 1070 , 1 , 0
584 , 1070 , 2 , 0
211 , 1070 , 2 , 0
3556 , 1070 , 5 , 0
1338 , 1070 , 6 , 0
1843 , 1071 , 3 , 0
3111 , 1071 , 3 , 0
1366 , 1071 , 2 , 0
3254 , 1071 , 4 , 0
2874 , 1072 , 7 , 0
2647 , 1072 , 1 , 0
2405 , 1072 , 1 , 0
4618 , 1072 , 4 , 0
4474 , 1072 , 1 , 0
2678 , 1073 , 3 , 0
3596 , 1073 , 5 , 0
440 , 1073 , 8 , 0
4196 , 1073 , 2 , 0
3755 , 1073 , 4 , 0
1735 , 1074 , 5 , 0
2045 , 1074 , 2 , 0
2570 , 1074 , 5 , 0
4134 , 1074 , 3 , 0
4773 , 1074 , 5 , 0
3954 , 1074 , 2 , 0
511 , 1074 , 3 , 0
3600 , 1074 , 2 , 0
2258 , 1074 , 5 , 0
87 , 1076 , 5 , 0
149 , 1076 , 1 , 0
867 , 1076 , 4 , 0
2992 , 1076 , 8 , 0
166 , 1076 , 7 , 0
4537 , 1076 , 2 , 0
4728 , 1077 , 3 , 0
3368 , 1077 , 5 , 0
3025 , 1077 , 7 , 0
3929 , 1077 , 4 , 0
2362 , 1077 , 1 , 0
2760 , 1079 , 3 , 0
3124 , 1079 , 3 , 0
1164 , 1079 , 7 , 0
3882 , 1080 , 4 , 0
3010 , 1080 , 7 , 0
3993 , 1080 , 4 , 0
921 , 1081 , 3 , 0
141 , 1081 , 8 , 0
1365 , 1081 , 6 , 0
1119 , 1081 , 2 , 0
4074 , 1081 , 7 , 0
1661 , 1082 , 5 , 0
3652 , 1082 , 6 , 0
2849 , 1082 , 5 , 0
4675 , 1082 , 2 , 0
4193 , 1083 , 3 , 0
580 , 1084 , 8 , 0
330 , 1084 , 1 , 0
1913 , 1084 , 8 , 0
977 , 1084 , 3 , 0
3982 , 1084 , 2 , 0
2387 , 1085 , 8 , 0
592 , 1085 , 4 , 0
3325 , 1085 , 8 , 0
1794 , 1085 , 1 , 0
107 , 1086 , 2 , 0
3975 , 1086 , 6 , 0
4217 , 1086 , 3 , 0
1968 , 1086 , 3 , 0
4901 , 1086 , 4 , 0
4724 , 1087 , 4 , 0
228 , 1087 , 4 , 0
4268 , 1087 , 7 , 0
4644 , 1087 , 7 , 0
1383 , 1087 , 4 , 0
3383 , 1087 , 1 , 0
794 , 1088 , 8 , 0
1494 , 1088 , 2 , 0
4371 , 1088 , 5 , 0
1093 , 1088 , 1 , 0
818 , 1088 , 5 , 0
85 , 1088 , 1 , 0
3849 , 1088 , 2 , 0
463 , 1089 , 5 , 0
4801 , 1089 , 3 , 0
4962 , 1089 , 1 , 0
1417 , 1090 , 7 , 0
1882 , 1090 , 4 , 0
3051 , 1090 , 2 , 0
1392 , 1090 , 5 , 0
3878 , 1090 , 1 , 0
246 , 1091 , 1 , 0
2975 , 1091 , 5 , 0
4031 , 1091 , 6 , 0
3477 , 1092 , 1 , 0
1819 , 1092 , 6 , 0
681 , 1092 , 2 , 0
2446 , 1092 , 1 , 0
313 , 1092 , 7 , 0
677 , 1092 , 7 , 0
3638 , 1092 , 2 , 0
3896 , 1092 , 3 , 0
4862 , 1092 , 8 , 0
2303 , 1092 , 6 , 0
4414 , 1092 , 4 , 0
393 , 1092 , 2 , 0
183 , 1093 , 4 , 0
3320 , 1093 , 8 , 0
4095 , 1093 , 1 , 0
4300 , 1093 , 7 , 0
1515 , 1093 , 2 , 0
227 , 1093 , 6 , 0
2913 , 1093 , 4 , 0
2156 , 1093 , 4 , 0
523 , 1093 , 4 , 0
4173 , 1094 , 8 , 0
4432 , 1094 , 8 , 0
181 , 1094 , 2 , 0
4652 , 1094 , 8 , 0
3358 , 1095 , 2 , 0
427 , 1096 , 8 , 0
2673 , 1096 , 4 , 0
3165 , 1096 , 1 , 0
978 , 1096 , 3 , 0
2457 , 1097 , 4 , 0
1545 , 1097 , 6 , 0
171 , 1097 , 3 , 0
240 , 1097 , 5 , 0
4687 , 1097 , 1 , 0
1414 , 1097 , 7 , 0
3342 , 1098 , 4 , 0
1009 , 1098 , 1 , 0
2951 , 1098 , 2 , 0
4413 , 1098 , 3 , 0
3650 , 1098 , 4 , 0
4889 , 1098 , 5 , 0
359 , 1099 , 8 , 0
1345 , 1099 , 1 , 0
1582 , 1099 , 2 , 0
4098 , 1099 , 7 , 0
3398 , 1100 , 5 , 0
1709 , 1100 , 8 , 0
3361 , 1100 , 6 , 0
2581 , 1100 , 4 , 0
2688 , 1100 , 5 , 0
1512 , 1101 , 2 , 0
4763 , 1101 , 1 , 0
399 , 1101 , 8 , 0
1652 , 1101 , 2 , 0
588 , 1101 , 2 , 0
1060 , 1101 , 3 , 0
4113 , 1101 , 1 , 0
4662 , 1101 , 5 , 0
4628 , 1102 , 4 , 0
4945 , 1102 , 8 , 0
3539 , 1102 , 2 , 0
4085 , 1102 , 5 , 0
1950 , 1102 , 2 , 0
2977 , 1102 , 3 , 0
3553 , 1102 , 5 , 0
623 , 1103 , 1 , 0
1108 , 1103 , 3 , 0
3417 , 1104 , 4 , 0
1989 , 1104 , 4 , 0
4660 , 1104 , 8 , 0
1066 , 1104 , 3 , 0
3541 , 1104 , 6 , 0
2269 , 1104 , 7 , 0
2169 , 1105 , 2 , 0
3119 , 1105 , 8 , 0
1674 , 1105 , 5 , 0
2383 , 1105 , 8 , 0
2652 , 1105 , 5 , 0
2826 , 1105 , 1 , 0
2216 , 1105 , 4 , 0
2427 , 1106 , 8 , 0
2620 , 1107 , 4 , 0
2195 , 1107 , 1 , 0
3706 , 1107 , 8 , 0
2033 , 1107 , 8 , 0
1705 , 1107 , 6 , 0
1872 , 1107 , 3 , 0
764 , 1107 , 2 , 0
1415 , 1108 , 5 , 0
1811 , 1109 , 8 , 0
3822 , 1109 , 3 , 0
1737 , 1109 , 1 , 0
4372 , 1109 , 7 , 0
1130 , 1109 , 7 , 0
4297 , 1109 , 8 , 0
2288 , 1110 , 7 , 0
683 , 1110 , 5 , 0
2127 , 1110 , 3 , 0
2726 , 1111 , 8 , 0
1239 , 1111 , 8 , 0
2933 , 1111 , 4 , 0
2019 , 1111 , 7 , 0
2764 , 1111 , 1 , 0
2728 , 1111 , 2 , 0
1308 , 1111 , 8 , 0
3451 , 1111 , 1 , 0
660 , 1111 , 4 , 0
4220 , 1111 , 2 , 0
4695 , 1112 , 8 , 0
4412 , 1112 , 4 , 0
408 , 1112 , 3 , 0
4125 , 1112 , 8 , 0
831 , 1112 , 4 , 0
4246 , 1112 , 1 , 0
1127 , 1112 , 1 , 0
1694 , 1113 , 1 , 0
1888 , 1113 , 5 , 0
3157 , 1113 , 7 , 0
2361 , 1113 , 8 , 0
3552 , 1113 , 2 , 0
3861 , 1113 , 6 , 0
3093 , 1114 , 8 , 0
3095 , 1114 , 1 , 0
1720 , 1114 , 7 , 0
1829 , 1114 , 2 , 0
512 , 1114 , 7 , 0
2645 , 1114 , 3 , 0
999 , 1114 , 6 , 0
2384 , 1114 , 5 , 0
1195 , 1114 , 7 , 0
4453 , 1115 , 8 , 0
3038 , 1115 , 3 , 0
4135 , 1115 , 7 , 0
1193 , 1115 , 4 , 0
684 , 1115 , 5 , 0
4238 , 1116 , 2 , 0
716 , 1116 , 1 , 0
1056 , 1117 , 8 , 0
3019 , 1117 , 2 , 0
4982 , 1117 , 7 , 0
4596 , 1117 , 5 , 0
2352 , 1117 , 4 , 0
207 , 1117 , 8 , 0
3087 , 1117 , 2 , 0
2506 , 1117 , 2 , 0
1221 , 1117 , 6 , 0
1380 , 1117 , 6 , 0
261 , 1118 , 6 , 0
2038 , 1118 , 8 , 0
4874 , 1118 , 8 , 0
1405 , 1118 , 1 , 0
4849 , 1118 , 5 , 0
2964 , 1119 , 6 , 0
3198 , 1119 , 4 , 0
1925 , 1119 , 5 , 0
3082 , 1119 , 5 , 0
2333 , 1119 , 4 , 0
2578 , 1119 , 8 , 0
2996 , 1119 , 5 , 0
2923 , 1119 , 7 , 0
49 , 1120 , 3 , 0
328 , 1121 , 1 , 0
1610 , 1121 , 1 , 0
2612 , 1121 , 4 , 0
2447 , 1121 , 4 , 0
2163 , 1121 , 5 , 0
1822 , 1121 , 3 , 0
1151 , 1122 , 6 , 0
783 , 1122 , 4 , 0
2978 , 1122 , 6 , 0
3985 , 1123 , 3 , 0
1529 , 1123 , 7 , 0
3129 , 1123 , 3 , 0
201 , 1123 , 7 , 0
3148 , 1124 , 5 , 0
3242 , 1124 , 3 , 0
4015 , 1124 , 2 , 0
882 , 1124 , 5 , 0
829 , 1124 , 6 , 0
4198 , 1124 , 6 , 0
1634 , 1124 , 6 , 0
1356 , 1124 , 5 , 0
1361 , 1124 , 6 , 0
341 , 1124 , 7 , 0
2700 , 1125 , 5 , 0
1894 , 1125 , 3 , 0
2801 , 1125 , 8 , 0
728 , 1126 , 3 , 0
3951 , 1126 , 2 , 0
634 , 1127 , 5 , 0
1000 , 1127 , 4 , 0
3996 , 1127 , 2 , 0
3195 , 1127 , 7 , 0
4683 , 1128 , 3 , 0
421 , 1128 , 5 , 0
403 , 1128 , 3 , 0
3826 , 1128 , 3 , 0
1980 , 1128 , 1 , 0
139 , 1128 , 5 , 0
4676 , 1129 , 1 , 0
4774 , 1130 , 5 , 0
943 , 1130 , 8 , 0
2315 , 1130 , 2 , 0
3414 , 1130 , 7 , 0
1279 , 1130 , 4 , 0
1667 , 1130 , 5 , 0
4051 , 1131 , 2 , 0
1300 , 1131 , 4 , 0
3941 , 1131 , 2 , 0
1196 , 1131 , 3 , 0
1187 , 1131 , 8 , 0
4640 , 1132 , 8 , 0
3312 , 1132 , 4 , 0
63 , 1132 , 6 , 0
2406 , 1132 , 6 , 0
2888 , 1132 , 1 , 0
951 , 1133 , 4 , 0
4402 , 1133 , 7 , 0
3550 , 1133 , 6 , 0
1943 , 1133 , 4 , 0
3967 , 1134 , 3 , 0
1761 , 1134 , 5 , 0
1931 , 1134 , 4 , 0
3997 , 1135 , 7 , 0
92 , 1135 , 8 , 0
176 , 1135 , 8 , 0
1429 , 1136 , 2 , 0
648 , 1136 , 7 , 0
4871 , 1136 , 6 , 0
984 , 1136 , 4 , 0
1790 , 1137 , 2 , 0
2626 , 1137 , 6 , 0
3144 , 1137 , 2 , 0
4057 , 1137 , 6 , 0
146 , 1137 , 5 , 0
1786 , 1137 , 4 , 0
2825 , 1137 , 6 , 0
1428 , 1138 , 5 , 0
3906 , 1138 , 3 , 0
2594 , 1139 , 8 , 0
1114 , 1139 , 1 , 0
2426 , 1139 , 2 , 0
4767 , 1139 , 7 , 0
350 , 1139 , 7 , 0
2174 , 1139 , 7 , 0
1402 , 1140 , 6 , 0
4324 , 1140 , 5 , 0
1360 , 1140 , 8 , 0
4642 , 1141 , 4 , 0
4856 , 1141 , 6 , 0
2538 , 1141 , 3 , 0
3005 , 1141 , 7 , 0
3240 , 1141 , 7 , 0
34 , 1141 , 2 , 0
814 , 1141 , 3 , 0
539 , 1142 , 1 , 0
4770 , 1142 , 4 , 0
1658 , 1142 , 1 , 0
1281 , 1142 , 7 , 0
3460 , 1142 , 2 , 0
65 , 1143 , 4 , 0
3714 , 1143 , 8 , 0
1299 , 1143 , 8 , 0
262 , 1143 , 3 , 0
3739 , 1143 , 8 , 0
870 , 1143 , 4 , 0
4838 , 1143 , 2 , 0
3237 , 1144 , 4 , 0
2210 , 1144 , 6 , 0
3701 , 1144 , 4 , 0
1311 , 1144 , 3 , 0
1228 , 1145 , 3 , 0
1486 , 1145 , 5 , 0
4063 , 1145 , 6 , 0
3235 , 1145 , 6 , 0
2048 , 1145 , 8 , 0
353 , 1146 , 6 , 0
397 , 1146 , 5 , 0
1120 , 1147 , 6 , 0
2341 , 1147 , 8 , 0
1901 , 1147 , 2 , 0
1247 , 1147 , 7 , 0
934 , 1147 , 4 , 0
2109 , 1147 , 7 , 0
270 , 1147 , 2 , 0
2730 , 1147 , 7 , 0
2298 , 1148 , 2 , 0
4544 , 1148 , 7 , 0
1286 , 1149 , 2 , 0
439 , 1149 , 4 , 0
3286 , 1149 , 3 , 0
3255 , 1149 , 3 , 0
352 , 1149 , 7 , 0
2991 , 1150 , 4 , 0
2875 , 1151 , 6 , 0
3791 , 1151 , 4 , 0
2646 , 1151 , 1 , 0
542 , 1152 , 5 , 0
1083 , 1152 , 3 , 0
1951 , 1153 , 3 , 0
3104 , 1153 , 2 , 0
4671 , 1153 , 7 , 0
21 , 1154 , 2 , 0
2586 , 1154 , 3 , 0
4160 , 1154 , 8 , 0
1608 , 1154 , 5 , 0
2734 , 1154 , 1 , 0
521 , 1154 , 2 , 0
2631 , 1154 , 3 , 0
1795 , 1154 , 6 , 0
203 , 1154 , 2 , 0
2403 , 1155 , 8 , 0
4788 , 1155 , 2 , 0
743 , 1155 , 3 , 0
3091 , 1155 , 6 , 0
4016 , 1155 , 6 , 0
402 , 1155 , 1 , 0
4887 , 1156 , 2 , 0
292 , 1156 , 7 , 0
3847 , 1156 , 2 , 0
4201 , 1156 , 7 , 0
1673 , 1156 , 2 , 0
2247 , 1156 , 7 , 0
26 , 1157 , 1 , 0
231 , 1157 , 5 , 0
1622 , 1157 , 6 , 0
596 , 1158 , 7 , 0
604 , 1158 , 4 , 0
1398 , 1159 , 1 , 0
4448 , 1159 , 4 , 0
4935 , 1159 , 4 , 0
965 , 1159 , 1 , 0
2564 , 1159 , 5 , 0
4742 , 1160 , 3 , 0
205 , 1160 , 6 , 0
3966 , 1160 , 1 , 0
296 , 1160 , 3 , 0
3548 , 1160 , 2 , 0
2637 , 1160 , 8 , 0
2029 , 1160 , 5 , 0
83 , 1161 , 6 , 0
2191 , 1161 , 2 , 0
1242 , 1161 , 3 , 0
483 , 1161 , 3 , 0
4723 , 1161 , 7 , 0
871 , 1161 , 6 , 0
4221 , 1161 , 1 , 0
3728 , 1162 , 6 , 0
1240 , 1162 , 6 , 0
1501 , 1162 , 8 , 0
550 , 1162 , 4 , 0
1353 , 1162 , 5 , 0
4244 , 1163 , 2 , 0
3586 , 1163 , 8 , 0
4678 , 1163 , 8 , 0
3733 , 1163 , 3 , 0
2761 , 1163 , 6 , 0
2401 , 1163 , 2 , 0
1556 , 1164 , 2 , 0
3618 , 1164 , 6 , 0
4872 , 1164 , 8 , 0
1926 , 1164 , 7 , 0
4938 , 1164 , 8 , 0
4270 , 1165 , 6 , 0
4848 , 1165 , 8 , 0
1539 , 1165 , 7 , 0
3689 , 1165 , 4 , 0
1109 , 1166 , 8 , 0
1740 , 1166 , 5 , 0
2690 , 1166 , 2 , 0
1880 , 1166 , 1 , 0
2804 , 1166 , 4 , 0
4115 , 1166 , 5 , 0
3420 , 1166 , 3 , 0
2498 , 1167 , 8 , 0
3800 , 1167 , 8 , 0
2470 , 1167 , 6 , 0
1591 , 1167 , 2 , 0
4176 , 1167 , 6 , 0
4781 , 1167 , 8 , 0
1986 , 1167 , 2 , 0
3456 , 1167 , 2 , 0
1019 , 1168 , 2 , 0
1076 , 1168 , 6 , 0
863 , 1168 , 3 , 0
3191 , 1168 , 2 , 0
4323 , 1169 , 1 , 0
3134 , 1169 , 4 , 0
2229 , 1169 , 1 , 0
3681 , 1169 , 1 , 0
358 , 1169 , 1 , 0
2422 , 1169 , 4 , 0
3621 , 1169 , 6 , 0
508 , 1170 , 6 , 0
4689 , 1170 , 5 , 0
2677 , 1170 , 4 , 0
1554 , 1170 , 7 , 0
4878 , 1170 , 5 , 0
3348 , 1170 , 8 , 0
2604 , 1171 , 8 , 0
4443 , 1171 , 2 , 0
1257 , 1171 , 8 , 0
2200 , 1171 , 3 , 0
3663 , 1171 , 3 , 0
675 , 1172 , 7 , 0
2889 , 1172 , 7 , 0
4377 , 1172 , 4 , 0
819 , 1172 , 4 , 0
200 , 1173 , 3 , 0
1585 , 1173 , 4 , 0
1189 , 1173 , 5 , 0
3594 , 1173 , 5 , 0
3969 , 1173 , 7 , 0
1463 , 1173 , 4 , 0
3607 , 1174 , 4 , 0
2494 , 1174 , 2 , 0
4249 , 1175 , 8 , 0
1142 , 1175 , 3 , 0
3046 , 1175 , 2 , 0
3466 , 1175 , 1 , 0
3408 , 1176 , 2 , 0
2756 , 1176 , 6 , 0
1583 , 1176 , 3 , 0
3319 , 1176 , 6 , 0
2304 , 1176 , 5 , 0
2595 , 1176 , 6 , 0
1322 , 1177 , 1 , 0
4406 , 1177 , 2 , 0
2800 , 1177 , 5 , 0
277 , 1177 , 4 , 0
4034 , 1177 , 5 , 0
4243 , 1177 , 7 , 0
2073 , 1177 , 8 , 0
1997 , 1178 , 7 , 0
3252 , 1178 , 5 , 0
4654 , 1178 , 4 , 0
4078 , 1179 , 1 , 0
4710 , 1179 , 1 , 0
18 , 1179 , 4 , 0
1543 , 1179 , 5 , 0
332 , 1179 , 1 , 0
4033 , 1180 , 3 , 0
2460 , 1180 , 6 , 0
243 , 1181 , 4 , 0
54 , 1181 , 5 , 0
4152 , 1181 , 3 , 0
4049 , 1182 , 6 , 0
3588 , 1182 , 7 , 0
4191 , 1183 , 8 , 0
3646 , 1183 , 3 , 0
4638 , 1183 , 8 , 0
1131 , 1183 , 7 , 0
3852 , 1183 , 2 , 0
531 , 1183 , 1 , 0
1016 , 1184 , 6 , 0
1143 , 1184 , 2 , 0
516 , 1184 , 8 , 0
944 , 1184 , 6 , 0
4825 , 1184 , 6 , 0
3150 , 1185 , 2 , 0
4133 , 1185 , 4 , 0
2848 , 1185 , 4 , 0
2140 , 1186 , 1 , 0
3786 , 1186 , 2 , 0
4490 , 1186 , 8 , 0
852 , 1186 , 1 , 0
1990 , 1186 , 7 , 0
2952 , 1186 , 2 , 0
1046 , 1187 , 2 , 0
1862 , 1187 , 7 , 0
4128 , 1187 , 3 , 0
3587 , 1187 , 5 , 0
3141 , 1187 , 8 , 0
4854 , 1187 , 1 , 0
2705 , 1187 , 5 , 0
1246 , 1188 , 7 , 0
1041 , 1188 , 6 , 0
2404 , 1188 , 8 , 0
3151 , 1188 , 1 , 0
3866 , 1188 , 3 , 0
4941 , 1188 , 5 , 0
3790 , 1188 , 2 , 0
4766 , 1188 , 7 , 0
3863 , 1188 , 2 , 0
2846 , 1189 , 8 , 0
245 , 1189 , 8 , 0
2075 , 1189 , 2 , 0
423 , 1189 , 3 , 0
704 , 1189 , 2 , 0
2803 , 1189 , 6 , 0
2797 , 1189 , 7 , 0
2821 , 1189 , 6 , 0
4253 , 1189 , 5 , 0
1305 , 1189 , 3 , 0
4425 , 1190 , 2 , 0
1181 , 1190 , 1 , 0
4580 , 1190 , 7 , 0
3676 , 1190 , 5 , 0
1139 , 1190 , 6 , 0
1226 , 1191 , 3 , 0
2094 , 1191 , 6 , 0
86 , 1191 , 2 , 0
4960 , 1192 , 8 , 0
247 , 1192 , 6 , 0
4515 , 1192 , 2 , 0
4902 , 1192 , 8 , 0
4298 , 1192 , 2 , 0
4976 , 1192 , 3 , 0
2945 , 1192 , 4 , 0
4927 , 1192 , 3 , 0
3838 , 1193 , 4 , 0
3709 , 1193 , 8 , 0
4785 , 1193 , 2 , 0
3747 , 1193 , 7 , 0
3092 , 1193 , 3 , 0
690 , 1193 , 8 , 0
3988 , 1194 , 4 , 0
4473 , 1194 , 5 , 0
3977 , 1194 , 6 , 0
3302 , 1194 , 8 , 0
1036 , 1194 , 3 , 0
4682 , 1194 , 8 , 0
1550 , 1194 , 3 , 0
4711 , 1194 , 3 , 0
3565 , 1194 , 1 , 0
2558 , 1194 , 8 , 0
2020 , 1195 , 6 , 0
935 , 1195 , 1 , 0
1467 , 1195 , 6 , 0
4891 , 1195 , 1 , 0
1089 , 1196 , 7 , 0
3784 , 1196 , 6 , 0
4701 , 1196 , 7 , 0
3016 , 1196 , 4 , 0
1243 , 1196 , 5 , 0
1592 , 1196 , 5 , 0
2770 , 1196 , 6 , 0
2971 , 1196 , 3 , 0
3023 , 1196 , 4 , 0
1469 , 1197 , 4 , 0
3120 , 1197 , 2 , 0
4747 , 1197 , 7 , 0
153 , 1197 , 7 , 0
4875 , 1197 , 3 , 0
3462 , 1197 , 5 , 0
1442 , 1197 , 6 , 0
2069 , 1197 , 1 , 0
1256 , 1198 , 7 , 0
2812 , 1198 , 2 , 0
4508 , 1198 , 6 , 0
2374 , 1198 , 7 , 0
3724 , 1198 , 2 , 0
4594 , 1198 , 2 , 0
4531 , 1199 , 7 , 0
972 , 1199 , 2 , 0
304 , 1200 , 2 , 0
679 , 1200 , 2 , 0
4461 , 1200 , 3 , 0
3715 , 1200 , 2 , 0
1663 , 1200 , 7 , 0
442 , 1200 , 4 , 0
2806 , 1200 , 4 , 0
2154 , 1200 , 7 , 0
4215 , 1200 , 2 , 0
1520 , 1201 , 5 , 0
284 , 1201 , 8 , 0
3584 , 1201 , 2 , 0
2458 , 1202 , 6 , 0
3131 , 1202 , 5 , 0
1088 , 1203 , 5 , 0
3115 , 1203 , 1 , 0
1729 , 1204 , 3 , 0
1784 , 1204 , 1 , 0
1527 , 1204 , 2 , 0
482 , 1204 , 2 , 0
2868 , 1204 , 3 , 0
503 , 1204 , 2 , 0
750 , 1205 , 1 , 0
1473 , 1205 , 1 , 0
2240 , 1205 , 4 , 0
2511 , 1205 , 1 , 0
1697 , 1205 , 8 , 0
4540 , 1205 , 2 , 0
4810 , 1205 , 2 , 0
4564 , 1206 , 1 , 0
3132 , 1206 , 4 , 0
298 , 1206 , 1 , 0
1058 , 1206 , 8 , 0
4832 , 1207 , 5 , 0
2367 , 1207 , 7 , 0
2253 , 1207 , 8 , 0
3068 , 1207 , 6 , 0
2080 , 1207 , 1 , 0
53 , 1207 , 2 , 0
748 , 1207 , 1 , 0
4629 , 1207 , 3 , 0
3579 , 1208 , 8 , 0
1507 , 1208 , 5 , 0
1655 , 1208 , 2 , 0
4543 , 1208 , 7 , 0
2208 , 1209 , 6 , 0
3170 , 1209 , 7 , 0
4840 , 1209 , 6 , 0
3844 , 1210 , 3 , 0
2809 , 1210 , 1 , 0
3768 , 1210 , 5 , 0
3952 , 1210 , 6 , 0
125 , 1211 , 3 , 0
3916 , 1211 , 8 , 0
2844 , 1211 , 5 , 0
4418 , 1211 , 2 , 0
4659 , 1211 , 6 , 0
3850 , 1211 , 8 , 0
3439 , 1211 , 3 , 0
3634 , 1211 , 4 , 0
170 , 1212 , 4 , 0
2408 , 1212 , 2 , 0
4150 , 1212 , 8 , 0
2246 , 1212 , 3 , 0
753 , 1212 , 4 , 0
4500 , 1212 , 7 , 0
4513 , 1213 , 7 , 0
3514 , 1213 , 7 , 0
1430 , 1213 , 1 , 0
4459 , 1213 , 7 , 0
766 , 1213 , 6 , 0
2430 , 1214 , 6 , 0
1717 , 1214 , 1 , 0
1396 , 1214 , 6 , 0
1662 , 1214 , 1 , 0
2969 , 1214 , 4 , 0
4073 , 1215 , 4 , 0
2183 , 1215 , 4 , 0
4656 , 1215 , 6 , 0
680 , 1215 , 3 , 0
2569 , 1215 , 3 , 0
2603 , 1215 , 6 , 0
4548 , 1215 , 2 , 0
2409 , 1215 , 7 , 0
2214 , 1216 , 5 , 0
4167 , 1216 , 1 , 0
1011 , 1216 , 6 , 0
3615 , 1216 , 1 , 0
2056 , 1216 , 3 , 0
221 , 1217 , 4 , 0
1726 , 1217 , 1 , 0
3163 , 1217 , 1 , 0
1262 , 1217 , 5 , 0
3429 , 1218 , 5 , 0
3427 , 1218 , 3 , 0
2738 , 1218 , 3 , 0
4918 , 1218 , 8 , 0
2697 , 1218 , 6 , 0
1976 , 1218 , 6 , 0
4064 , 1218 , 6 , 0
2035 , 1219 , 5 , 0
545 , 1219 , 7 , 0
1359 , 1219 , 2 , 0
331 , 1220 , 8 , 0
212 , 1220 , 7 , 0
847 , 1220 , 7 , 0
317 , 1220 , 5 , 0
2589 , 1220 , 2 , 0
4144 , 1220 , 7 , 0
103 , 1220 , 5 , 0
2680 , 1221 , 4 , 0
2254 , 1221 , 1 , 0
206 , 1221 , 8 , 0
420 , 1221 , 1 , 0
466 , 1221 , 3 , 0
2476 , 1221 , 6 , 0
4811 , 1222 , 4 , 0
343 , 1222 , 7 , 0
4010 , 1222 , 5 , 0
4060 , 1223 , 6 , 0
66 , 1223 , 4 , 0
4206 , 1223 , 6 , 0
517 , 1224 , 7 , 0
3266 , 1224 , 7 , 0
3669 , 1224 , 3 , 0
3411 , 1224 , 6 , 0
1090 , 1224 , 2 , 0
4933 , 1224 , 2 , 0
4169 , 1224 , 3 , 0
4492 , 1225 , 1 , 0
1185 , 1226 , 7 , 0
1855 , 1226 , 6 , 0
1146 , 1226 , 3 , 0
3859 , 1227 , 5 , 0
4897 , 1227 , 2 , 0
3535 , 1227 , 7 , 0
3702 , 1227 , 5 , 0
3839 , 1227 , 1 , 0
922 , 1227 , 1 , 0
4943 , 1228 , 7 , 0
3517 , 1228 , 7 , 0
3907 , 1228 , 2 , 0
375 , 1228 , 6 , 0
2054 , 1229 , 1 , 0
1683 , 1229 , 2 , 0
2120 , 1229 , 7 , 0
4416 , 1229 , 8 , 0
860 , 1229 , 6 , 0
434 , 1229 , 2 , 0
1037 , 1230 , 4 , 0
3712 , 1230 , 6 , 0
4381 , 1230 , 7 , 0
672 , 1230 , 8 , 0
3188 , 1230 , 7 , 0
1459 , 1230 , 2 , 0
1480 , 1230 , 7 , 0
3409 , 1230 , 3 , 0
2490 , 1230 , 3 , 0
157 , 1231 , 8 , 0
2228 , 1231 , 6 , 0
2532 , 1231 , 3 , 0
4717 , 1231 , 6 , 0
55 , 1231 , 2 , 0
1914 , 1231 , 4 , 0
3807 , 1232 , 8 , 0
2295 , 1232 , 6 , 0
3182 , 1232 , 6 , 0
3577 , 1232 , 8 , 0
2158 , 1232 , 5 , 0
3524 , 1232 , 8 , 0
3595 , 1232 , 3 , 0
2051 , 1232 , 5 , 0
235 , 1233 , 4 , 0
4290 , 1233 , 4 , 0
3028 , 1233 , 8 , 0
4984 , 1233 , 6 , 0
676 , 1234 , 7 , 0
615 , 1234 , 3 , 0
837 , 1234 , 4 , 0
4106 , 1234 , 4 , 0
558 , 1235 , 1 , 0
197 , 1236 , 2 , 0
849 , 1236 , 7 , 0
3110 , 1236 , 4 , 0
116 , 1236 , 5 , 0
4384 , 1236 , 2 , 0
4457 , 1236 , 8 , 0
1928 , 1237 , 7 , 0
2740 , 1237 , 5 , 0
3981 , 1238 , 8 , 0
2987 , 1238 , 4 , 0
4631 , 1238 , 4 , 0
1755 , 1238 , 5 , 0
3582 , 1238 , 4 , 0
4754 , 1239 , 4 , 0
1730 , 1239 , 2 , 0
4680 , 1239 , 7 , 0
4338 , 1239 , 8 , 0
2440 , 1239 , 8 , 0
3404 , 1239 , 6 , 0
2542 , 1239 , 4 , 0
1491 , 1240 , 4 , 0
3200 , 1241 , 6 , 0
1128 , 1241 , 4 , 0
1900 , 1241 , 1 , 0
252 , 1241 , 2 , 0
1482 , 1242 , 3 , 0
2946 , 1242 , 6 , 0
715 , 1242 , 1 , 0
4817 , 1242 , 1 , 0
1984 , 1242 , 4 , 0
1238 , 1242 , 5 , 0
2847 , 1243 , 2 , 0
1616 , 1243 , 1 , 0
581 , 1243 , 7 , 0
4557 , 1243 , 5 , 0
4674 , 1243 , 1 , 0
3316 , 1243 , 3 , 0
1227 , 1243 , 7 , 0
1278 , 1243 , 4 , 0
1757 , 1244 , 2 , 0
1848 , 1244 , 4 , 0
3203 , 1244 , 5 , 0
3776 , 1244 , 6 , 0
4936 , 1244 , 7 , 0
1584 , 1244 , 6 , 0
3159 , 1244 , 5 , 0
4519 , 1245 , 3 , 0
3943 , 1245 , 2 , 0
2639 , 1245 , 6 , 0
1629 , 1245 , 3 , 0
4807 , 1246 , 1 , 0
2085 , 1246 , 5 , 0
957 , 1246 , 4 , 0
1941 , 1247 , 6 , 0
1335 , 1247 , 2 , 0
2159 , 1248 , 5 , 0
4351 , 1248 , 2 , 0
2327 , 1248 , 7 , 0
986 , 1249 , 2 , 0
3870 , 1249 , 5 , 0
4993 , 1249 , 1 , 0
3270 , 1249 , 2 , 0
801 , 1249 , 8 , 0
4559 , 1249 , 5 , 0
4429 , 1250 , 2 , 0
2663 , 1250 , 3 , 0
4365 , 1250 , 2 , 0
1942 , 1250 , 3 , 0
543 , 1250 , 4 , 0
547 , 1250 , 8 , 0
3716 , 1250 , 7 , 0
3140 , 1250 , 5 , 0
2853 , 1251 , 6 , 0
3759 , 1251 , 7 , 0
2918 , 1251 , 2 , 0
4577 , 1251 , 7 , 0
2090 , 1251 , 3 , 0
4129 , 1251 , 8 , 0
632 , 1252 , 6 , 0
3602 , 1252 , 2 , 0
636 , 1252 , 2 , 0
2842 , 1253 , 8 , 0
1842 , 1253 , 7 , 0
846 , 1253 , 5 , 0
2237 , 1253 , 6 , 0
4216 , 1253 , 3 , 0
2471 , 1253 , 3 , 0
336 , 1253 , 3 , 0
3983 , 1254 , 5 , 0
650 , 1254 , 6 , 0
3433 , 1254 , 3 , 0
613 , 1254 , 1 , 0
1723 , 1254 , 4 , 0
2539 , 1254 , 7 , 0
1440 , 1255 , 3 , 0
1930 , 1255 , 1 , 0
77 , 1255 , 3 , 0
850 , 1255 , 1 , 0
4921 , 1255 , 5 , 0
2331 , 1255 , 6 , 0
144 , 1256 , 4 , 0
4578 , 1256 , 1 , 0
4605 , 1256 , 5 , 0
1906 , 1256 , 7 , 0
4802 , 1257 , 3 , 0
4080 , 1257 , 6 , 0
3828 , 1257 , 2 , 0
2488 , 1258 , 6 , 0
2562 , 1258 , 3 , 0
638 , 1258 , 4 , 0
4987 , 1258 , 6 , 0
428 , 1258 , 6 , 0
196 , 1258 , 1 , 0
1871 , 1258 , 5 , 0
3793 , 1258 , 2 , 0
3792 , 1258 , 2 , 0
15 , 1259 , 8 , 0
564 , 1259 , 7 , 0
3078 , 1259 , 7 , 0
1483 , 1259 , 6 , 0
2957 , 1259 , 3 , 0
4460 , 1260 , 7 , 0
911 , 1260 , 3 , 0
968 , 1260 , 5 , 0
3447 , 1260 , 6 , 0
4990 , 1260 , 6 , 0
3851 , 1260 , 6 , 0
2152 , 1261 , 7 , 0
3999 , 1261 , 7 , 0
2296 , 1261 , 1 , 0
4403 , 1262 , 4 , 0
2222 , 1262 , 5 , 0
1390 , 1262 , 3 , 0
404 , 1262 , 7 , 0
3919 , 1262 , 1 , 0
981 , 1262 , 3 , 0
1133 , 1262 , 8 , 0
749 , 1262 , 5 , 0
4818 , 1262 , 2 , 0
3400 , 1262 , 3 , 0
4131 , 1263 , 2 , 0
1576 , 1263 , 5 , 0
411 , 1263 , 1 , 0
3247 , 1264 , 8 , 0
1342 , 1264 , 6 , 0
1432 , 1264 , 2 , 0
267 , 1264 , 1 , 0
4487 , 1264 , 8 , 0
4783 , 1265 , 5 , 0
2815 , 1265 , 7 , 0
4180 , 1265 , 5 , 0
302 , 1265 , 7 , 0
2215 , 1266 , 4 , 0
3973 , 1266 , 4 , 0
3190 , 1266 , 8 , 0
3421 , 1266 , 3 , 0
3510 , 1267 , 7 , 0
3205 , 1267 , 2 , 0
2785 , 1267 , 7 , 0
2791 , 1267 , 2 , 0
13 , 1267 , 7 , 0
4598 , 1267 , 3 , 0
2981 , 1268 , 1 , 0
1095 , 1268 , 5 , 0
2763 , 1268 , 3 , 0
1121 , 1269 , 3 , 0
2110 , 1269 , 8 , 0
4996 , 1269 , 6 , 0
4793 , 1269 , 8 , 0
3419 , 1270 , 1 , 0
1 , 1270 , 6 , 0
2870 , 1270 , 2 , 0
1917 , 1270 , 2 , 0
1782 , 1270 , 1 , 0
4837 , 1270 , 4 , 0
3935 , 1270 , 1 , 0
382 , 1271 , 5 , 0
3304 , 1271 , 6 , 0
3753 , 1272 , 7 , 0
2320 , 1272 , 7 , 0
1110 , 1272 , 5 , 0
1220 , 1273 , 3 , 0
3617 , 1273 , 7 , 0
3549 , 1273 , 2 , 0
2519 , 1273 , 2 , 0
1068 , 1273 , 5 , 0
2018 , 1274 , 3 , 0
1803 , 1274 , 4 , 0
1764 , 1274 , 4 , 0
1263 , 1274 , 1 , 0
1533 , 1274 , 1 , 0
4645 , 1274 , 2 , 0
710 , 1275 , 5 , 0
2353 , 1275 , 1 , 0
4762 , 1275 , 2 , 0
3294 , 1276 , 8 , 0
333 , 1276 , 4 , 0
1444 , 1276 , 3 , 0
3959 , 1276 , 6 , 0
3031 , 1277 , 6 , 0
1944 , 1277 , 6 , 0
3453 , 1277 , 4 , 0
4630 , 1277 , 4 , 0
1273 , 1279 , 5 , 0
738 , 1279 , 4 , 0
1448 , 1280 , 8 , 0
2959 , 1280 , 7 , 0
4771 , 1280 , 2 , 0
1519 , 1280 , 1 , 0
412 , 1281 , 5 , 0
3374 , 1281 , 1 , 0
3000 , 1282 , 6 , 0
565 , 1282 , 2 , 0
774 , 1282 , 2 , 0
4834 , 1282 , 2 , 0
1471 , 1282 , 1 , 0
2529 , 1282 , 3 , 0
3585 , 1282 , 3 , 0
1017 , 1282 , 3 , 0
4552 , 1283 , 8 , 0
2524 , 1283 , 2 , 0
2275 , 1283 , 4 , 0
2600 , 1284 , 8 , 0
4833 , 1284 , 4 , 0
2000 , 1285 , 1 , 0
3137 , 1285 , 4 , 0
4973 , 1285 , 2 , 0
2192 , 1285 , 7 , 0
1493 , 1285 , 7 , 0
2248 , 1285 , 1 , 0
2814 , 1285 , 7 , 0
1625 , 1286 , 3 , 0
4380 , 1286 , 1 , 0
1421 , 1286 , 2 , 0
4489 , 1286 , 4 , 0
4299 , 1286 , 6 , 0
2909 , 1286 , 7 , 0
287 , 1286 , 1 , 0
2651 , 1287 , 8 , 0
861 , 1287 , 4 , 0
2748 , 1288 , 2 , 0
4385 , 1288 , 1 , 0
2793 , 1288 , 7 , 0
4122 , 1288 , 8 , 0
4493 , 1288 , 3 , 0
3334 , 1288 , 7 , 0
759 , 1288 , 6 , 0
4225 , 1288 , 5 , 0
2 , 1288 , 1 , 0
3504 , 1288 , 7 , 0
1712 , 1289 , 4 , 0
2412 , 1289 , 7 , 0
1857 , 1289 , 7 , 0
3152 , 1289 , 1 , 0
1445 , 1289 , 8 , 0
3670 , 1289 , 4 , 0
2250 , 1290 , 2 , 0
3512 , 1290 , 5 , 0
4730 , 1290 , 4 , 0
2672 , 1290 , 6 , 0
2042 , 1290 , 7 , 0
4911 , 1291 , 8 , 0
3389 , 1291 , 1 , 0
2820 , 1291 , 1 , 0
3649 , 1291 , 1 , 0
1945 , 1291 , 3 , 0
1452 , 1292 , 2 , 0
72 , 1292 , 8 , 0
4233 , 1292 , 1 , 0
3719 , 1293 , 1 , 0
4565 , 1293 , 5 , 0
1147 , 1293 , 5 , 0
3775 , 1293 , 1 , 0
919 , 1293 , 4 , 0
4151 , 1295 , 1 , 0
2548 , 1295 , 8 , 0
3845 , 1295 , 2 , 0
4799 , 1295 , 3 , 0
2630 , 1296 , 2 , 0
607 , 1296 , 5 , 0
2596 , 1296 , 2 , 0
1657 , 1296 , 6 , 0
3674 , 1296 , 2 , 0
1113 , 1296 , 3 , 0
3771 , 1296 , 6 , 0
2900 , 1297 , 5 , 0
2424 , 1297 , 1 , 0
1748 , 1297 , 8 , 0
594 , 1298 , 1 , 0
1446 , 1298 , 8 , 0
3823 , 1298 , 4 , 0
1570 , 1298 , 3 , 0
872 , 1298 , 1 , 0
3207 , 1299 , 7 , 0
3412 , 1299 , 8 , 0
4621 , 1299 , 7 , 0
4313 , 1299 , 6 , 0
4421 , 1299 , 8 , 0
982 , 1299 , 1 , 0
3708 , 1300 , 2 , 0
1866 , 1300 , 1 , 0
213 , 1300 , 2 , 0
4995 , 1300 , 4 , 0
102 , 1301 , 3 , 0
2808 , 1301 , 8 , 0
355 , 1301 , 2 , 0
3876 , 1301 , 3 , 0
1500 , 1302 , 2 , 0
2852 , 1302 , 1 , 0
2559 , 1302 , 6 , 0
2013 , 1302 , 4 , 0
1081 , 1302 , 2 , 0
134 , 1302 , 1 , 0
2625 , 1303 , 7 , 0
4524 , 1303 , 6 , 0
1791 , 1303 , 5 , 0
4232 , 1303 , 2 , 0
2282 , 1304 , 2 , 0
514 , 1304 , 7 , 0
3160 , 1304 , 2 , 0
575 , 1305 , 7 , 0
1538 , 1305 , 5 , 0
2377 , 1305 , 1 , 0
367 , 1305 , 1 , 0
4974 , 1305 , 1 , 0
3732 , 1305 , 7 , 0
2459 , 1305 , 2 , 0
4018 , 1306 , 3 , 0
2171 , 1306 , 6 , 0
1490 , 1306 , 4 , 0
3874 , 1306 , 3 , 0
1456 , 1307 , 5 , 0
1684 , 1307 , 2 , 0
288 , 1307 , 5 , 0
3326 , 1307 , 5 , 0
2317 , 1307 , 7 , 0
1856 , 1307 , 6 , 0
626 , 1308 , 3 , 0
4910 , 1308 , 6 , 0
3640 , 1308 , 3 , 0
2256 , 1308 , 3 , 0
800 , 1308 , 2 , 0
2351 , 1308 , 6 , 0
2829 , 1308 , 2 , 0
752 , 1308 , 3 , 0
3275 , 1309 , 1 , 0
338 , 1309 , 8 , 0
118 , 1309 , 8 , 0
4828 , 1309 , 4 , 0
624 , 1309 , 3 , 0
3291 , 1310 , 7 , 0
1596 , 1310 , 3 , 0
1112 , 1311 , 3 , 0
586 , 1311 , 1 , 0
612 , 1311 , 6 , 0
4907 , 1311 , 5 , 0
4488 , 1312 , 7 , 0
4549 , 1312 , 5 , 0
4558 , 1312 , 7 , 0
204 , 1312 , 7 , 0
3765 , 1313 , 8 , 0
1765 , 1313 , 2 , 0
4764 , 1313 , 4 , 0
647 , 1313 , 6 , 0
3737 , 1314 , 8 , 0
291 , 1314 , 8 , 0
878 , 1314 , 6 , 0
1817 , 1314 , 3 , 0
2062 , 1314 , 3 , 0
3770 , 1314 , 5 , 0
1903 , 1314 , 6 , 0
4620 , 1314 , 1 , 0
165 , 1315 , 2 , 0
3540 , 1315 , 3 , 0
2928 , 1316 , 1 , 0
1632 , 1316 , 2 , 0
2872 , 1316 , 4 , 0
4750 , 1316 , 3 , 0
4846 , 1316 , 4 , 0
2509 , 1316 , 2 , 0
4814 , 1316 , 3 , 0
4470 , 1317 , 1 , 0
398 , 1317 , 8 , 0
3387 , 1317 , 3 , 0
4202 , 1317 , 6 , 0
695 , 1317 , 4 , 0
69 , 1318 , 6 , 0
698 , 1318 , 3 , 0
2635 , 1318 , 1 , 0
1639 , 1318 , 7 , 0
566 , 1318 , 2 , 0
3050 , 1318 , 7 , 0
3900 , 1318 , 4 , 0
988 , 1319 , 5 , 0
4091 , 1319 , 5 , 0
4237 , 1319 , 5 , 0
123 , 1320 , 4 , 0
3489 , 1320 , 4 , 0
285 , 1320 , 1 , 0
2293 , 1320 , 6 , 0
2767 , 1320 , 6 , 0
2155 , 1320 , 4 , 0
4284 , 1320 , 2 , 0
2733 , 1320 , 5 , 0
1572 , 1321 , 8 , 0
3814 , 1321 , 3 , 0
1410 , 1321 , 1 , 0
591 , 1321 , 2 , 0
790 , 1321 , 2 , 0
717 , 1322 , 8 , 0
1418 , 1322 , 1 , 0
1715 , 1322 , 4 , 0
4161 , 1322 , 6 , 0
4366 , 1322 , 4 , 0
2976 , 1323 , 1 , 0
1329 , 1323 , 3 , 0
1124 , 1323 , 3 , 0
4222 , 1323 , 8 , 0
1422 , 1324 , 8 , 0
1995 , 1324 , 5 , 0
3192 , 1325 , 4 , 0
433 , 1325 , 7 , 0
4568 , 1325 , 5 , 0
3955 , 1326 , 5 , 0
2505 , 1326 , 6 , 0
415 , 1326 , 5 , 0
3341 , 1326 , 5 , 0
893 , 1326 , 8 , 0
356 , 1326 , 4 , 0
4966 , 1327 , 7 , 0
2336 , 1327 , 7 , 0
4373 , 1327 , 1 , 0
4076 , 1327 , 1 , 0
4929 , 1327 , 6 , 0
918 , 1328 , 8 , 0
3523 , 1328 , 4 , 0
4963 , 1328 , 7 , 0
2676 , 1328 , 8 , 0
1400 , 1328 , 1 , 0
4836 , 1328 , 2 , 0
3835 , 1328 , 2 , 0
1376 , 1328 , 8 , 0
1509 , 1329 , 3 , 0
2218 , 1329 , 4 , 0
184 , 1329 , 8 , 0
3029 , 1329 , 2 , 0
3445 , 1330 , 4 , 0
4584 , 1330 , 4 , 0
762 , 1330 , 1 , 0
2223 , 1330 , 2 , 0
4636 , 1330 , 7 , 0
2061 , 1330 , 2 , 0
39 , 1331 , 7 , 0
4248 , 1331 , 2 , 0
4553 , 1331 , 7 , 0
4969 , 1331 , 2 , 0
4162 , 1331 , 3 , 0
1815 , 1332 , 3 , 0
3661 , 1332 , 6 , 0
1678 , 1332 , 1 , 0
658 , 1332 , 5 , 0
2357 , 1332 , 5 , 0
1204 , 1332 , 8 , 0
3336 , 1333 , 3 , 0
2598 , 1333 , 1 , 0
2739 , 1333 , 3 , 0
4153 , 1333 , 3 , 0
3515 , 1333 , 8 , 0
3705 , 1333 , 7 , 0
4163 , 1334 , 5 , 0
114 , 1334 , 6 , 0
4667 , 1334 , 2 , 0
3415 , 1334 , 6 , 0
1752 , 1334 , 2 , 0
595 , 1334 , 5 , 0
4964 , 1334 , 1 , 0
1148 , 1335 , 2 , 0
164 , 1335 , 2 , 0
215 , 1335 , 8 , 0
3253 , 1335 , 8 , 0
4137 , 1335 , 5 , 0
4476 , 1336 , 6 , 0
4778 , 1336 , 7 , 0
4626 , 1336 , 4 , 0
2832 , 1336 , 2 , 0
1476 , 1337 , 4 , 0
1324 , 1337 , 4 , 0
2691 , 1337 , 7 , 0
979 , 1338 , 5 , 0
1675 , 1338 , 8 , 0
3096 , 1338 , 2 , 0
281 , 1338 , 3 , 0
2771 , 1338 , 7 , 0
1510 , 1338 , 8 , 0
501 , 1338 , 7 , 0
4251 , 1338 , 8 , 0
29 , 1338 , 3 , 0
271 , 1339 , 1 , 0
4670 , 1339 , 7 , 0
1316 , 1339 , 2 , 0
3081 , 1339 , 1 , 0
4985 , 1340 , 1 , 0
4081 , 1340 , 4 , 0
1567 , 1340 , 6 , 0
4756 , 1340 , 5 , 0
1314 , 1340 , 5 , 0
4408 , 1341 , 2 , 0
3837 , 1341 , 8 , 0
334 , 1341 , 4 , 0
1895 , 1341 , 2 , 0
2055 , 1341 , 7 , 0
357 , 1341 , 2 , 0
4431 , 1341 , 4 , 0
1270 , 1341 , 4 , 0
3236 , 1341 , 1 , 0
2965 , 1341 , 5 , 0
2313 , 1342 , 8 , 0
263 , 1342 , 4 , 0
3555 , 1342 , 3 , 0
497 , 1342 , 6 , 0
464 , 1343 , 2 , 0
4556 , 1343 , 8 , 0
1807 , 1344 , 2 , 0
4171 , 1344 , 4 , 0
2526 , 1345 , 1 , 0
2788 , 1345 , 6 , 0
4939 , 1345 , 2 , 0
2150 , 1345 , 1 , 0
32 , 1346 , 7 , 0
2796 , 1346 , 1 , 0
4342 , 1346 , 4 , 0
923 , 1346 , 1 , 0
3956 , 1346 , 2 , 0
2371 , 1346 , 2 , 0
771 , 1347 , 3 , 0
2348 , 1347 , 1 , 0
4731 , 1347 , 4 , 0
3911 , 1347 , 8 , 0
4124 , 1347 , 3 , 0
816 , 1347 , 8 , 0
643 , 1347 , 2 , 0
346 , 1348 , 6 , 0
4761 , 1348 , 1 , 0
568 , 1348 , 6 , 0
4900 , 1348 , 5 , 0
3918 , 1348 , 7 , 0
2941 , 1349 , 3 , 0
540 , 1349 , 6 , 0
325 , 1349 , 3 , 0
4314 , 1349 , 6 , 0
1691 , 1349 , 6 , 0
2184 , 1350 , 3 , 0
838 , 1350 , 1 , 0
2301 , 1350 , 6 , 0
2982 , 1350 , 2 , 0
3238 , 1350 , 3 , 0
1847 , 1351 , 2 , 0
1202 , 1351 , 5 , 0
3840 , 1351 , 6 , 0
229 , 1351 , 1 , 0
3804 , 1351 , 4 , 0
490 , 1351 , 4 , 0
219 , 1351 , 4 , 0
2416 , 1352 , 3 , 0
1028 , 1352 , 1 , 0
2906 , 1353 , 7 , 0
2817 , 1353 , 7 , 0
3153 , 1353 , 7 , 0
3574 , 1353 , 8 , 0
1581 , 1353 , 6 , 0
2074 , 1354 , 1 , 0
4769 , 1354 , 7 , 0
2915 , 1354 , 1 , 0
3149 , 1354 , 3 , 0
1780 , 1354 , 6 , 0
1751 , 1355 , 4 , 0
2026 , 1355 , 8 , 0
312 , 1355 , 6 , 0
4601 , 1355 , 8 , 0
4188 , 1356 , 1 , 0
3751 , 1356 , 6 , 0
958 , 1356 , 7 , 0
3672 , 1356 , 5 , 0
525 , 1356 , 2 , 0
3980 , 1356 , 7 , 0
1013 , 1357 , 7 , 0
2425 , 1357 , 4 , 0
1035 , 1357 , 2 , 0
1007 , 1357 , 2 , 0
1671 , 1357 , 2 , 0
1197 , 1358 , 1 , 0
1559 , 1358 , 5 , 0
381 , 1358 , 7 , 0
1961 , 1358 , 4 , 0
2364 , 1358 , 4 , 0
4517 , 1358 , 2 , 0
869 , 1358 , 8 , 0
4955 , 1358 , 2 , 0
2545 , 1359 , 3 , 0
3597 , 1359 , 2 , 0
2960 , 1359 , 7 , 0
135 , 1359 , 4 , 0
4666 , 1360 , 8 , 0
1266 , 1360 , 3 , 0
4776 , 1360 , 8 , 0
447 , 1360 , 7 , 0
1602 , 1361 , 8 , 0
2661 , 1361 , 8 , 0
812 , 1361 , 6 , 0
344 , 1361 , 6 , 0
1086 , 1361 , 3 , 0
3396 , 1362 , 6 , 0
301 , 1362 , 1 , 0
735 , 1362 , 2 , 0
152 , 1362 , 5 , 0
2827 , 1363 , 1 , 0
2402 , 1363 , 3 , 0
1406 , 1363 , 1 , 0
1348 , 1363 , 1 , 0
1339 , 1363 , 1 , 0
2164 , 1363 , 1 , 0
4986 , 1364 , 7 , 0
2104 , 1364 , 4 , 0
2226 , 1364 , 7 , 0
489 , 1364 , 5 , 0
473 , 1364 , 4 , 0
1506 , 1365 , 8 , 0
1488 , 1365 , 7 , 0
2236 , 1365 , 2 , 0
3171 , 1366 , 6 , 0
2758 , 1366 , 2 , 0
2921 , 1366 , 1 , 0
4547 , 1367 , 7 , 0
311 , 1367 , 2 , 0
1890 , 1367 , 8 , 0
4760 , 1367 , 5 , 0
4454 , 1368 , 4 , 0
505 , 1369 , 7 , 0
1620 , 1369 , 6 , 0
1845 , 1369 , 5 , 0
2769 , 1369 , 4 , 0
1541 , 1370 , 2 , 0
3459 , 1370 , 4 , 0
105 , 1370 , 5 , 0
1626 , 1370 , 3 , 0
3074 , 1370 , 2 , 0
4307 , 1370 , 5 , 0
4119 , 1370 , 8 , 0
232 , 1370 , 4 , 0
527 , 1370 , 3 , 0
2675 , 1371 , 1 , 0
2802 , 1371 , 1 , 0
3097 , 1371 , 8 , 0
2485 , 1371 , 5 , 0
2399 , 1371 , 2 , 0
840 , 1371 , 3 , 0
1643 , 1372 , 1 , 0
4583 , 1372 , 7 , 0
4844 , 1372 , 2 , 0
2251 , 1372 , 4 , 0
879 , 1372 , 8 , 0
1492 , 1372 , 7 , 0
1648 , 1372 , 1 , 0
4494 , 1372 , 2 , 0
2259 , 1372 , 8 , 0
1666 , 1373 , 5 , 0
1403 , 1373 , 7 , 0
4464 , 1373 , 5 , 0
535 , 1374 , 5 , 0
2345 , 1374 , 1 , 0
4149 , 1374 , 8 , 0
2522 , 1375 , 8 , 0
3431 , 1375 , 4 , 0
4030 , 1375 , 5 , 0
1992 , 1376 , 8 , 0
932 , 1376 , 6 , 0
293 , 1376 , 1 , 0
1027 , 1377 , 2 , 0
2344 , 1377 , 2 , 0
2117 , 1377 , 5 , 0
4749 , 1377 , 8 , 0
112 , 1378 , 5 , 0
4422 , 1378 , 4 , 0
2099 , 1379 , 4 , 0
2468 , 1379 , 5 , 0
2199 , 1379 , 2 , 0
2860 , 1379 , 7 , 0
286 , 1379 , 4 , 0
4111 , 1379 , 8 , 0
2627 , 1380 , 4 , 0
4603 , 1381 , 1 , 0
1689 , 1381 , 7 , 0
1288 , 1381 , 5 , 0
1560 , 1381 , 7 , 0
1355 , 1381 , 5 , 0
3903 , 1382 , 1 , 0
2078 , 1382 , 4 , 0
499 , 1382 , 2 , 0
3438 , 1382 , 4 , 0
2887 , 1383 , 4 , 0
1711 , 1383 , 3 , 0
2049 , 1383 , 3 , 0
1598 , 1383 , 1 , 0
3231 , 1383 , 8 , 0
4054 , 1384 , 1 , 0
1571 , 1385 , 3 , 0
1317 , 1385 , 5 , 0
354 , 1385 , 7 , 0
1962 , 1385 , 6 , 0
2483 , 1385 , 1 , 0
4400 , 1385 , 7 , 0
510 , 1386 , 6 , 0
3645 , 1386 , 1 , 0
671 , 1386 , 7 , 0
571 , 1386 , 6 , 0
4865 , 1386 , 4 , 0
1891 , 1387 , 7 , 0
2365 , 1387 , 8 , 0
25 , 1388 , 7 , 0
920 , 1388 , 6 , 0
2648 , 1388 , 6 , 0
3924 , 1388 , 3 , 0
553 , 1388 , 5 , 0
396 , 1388 , 8 , 0
538 , 1388 , 3 , 0
3461 , 1389 , 3 , 0
2002 , 1389 , 5 , 0
3343 , 1389 , 3 , 0
1777 , 1389 , 2 , 0
1605 , 1389 , 3 , 0
101 , 1389 , 3 , 0
3185 , 1389 , 7 , 0
1008 , 1390 , 6 , 0
1905 , 1390 , 3 , 0
3972 , 1390 , 4 , 0
4613 , 1390 , 4 , 0
3762 , 1391 , 5 , 0
3735 , 1391 , 5 , 0
1481 , 1391 , 2 , 0
3401 , 1391 , 5 , 0
3619 , 1391 , 1 , 0
2736 , 1391 , 1 , 0
2665 , 1391 , 8 , 0
2669 , 1391 , 4 , 0
3803 , 1392 , 7 , 0
3378 , 1392 , 5 , 0
1075 , 1392 , 6 , 0
2601 , 1393 , 6 , 0
2896 , 1393 , 8 , 0
217 , 1393 , 4 , 0
1998 , 1393 , 5 , 0
3475 , 1393 , 8 , 0
4147 , 1394 , 2 , 0
1909 , 1394 , 5 , 0
858 , 1395 , 8 , 0
1561 , 1395 , 7 , 0
2031 , 1395 , 8 , 0
2619 , 1396 , 8 , 0
2224 , 1396 , 3 , 0
4092 , 1396 , 6 , 0
513 , 1396 , 4 , 0
906 , 1396 , 1 , 0
4401 , 1396 , 6 , 0
4861 , 1396 , 2 , 0
1411 , 1396 , 6 , 0
2382 , 1397 , 6 , 0
907 , 1397 , 7 , 0
570 , 1397 , 1 , 0
3317 , 1398 , 6 , 0
3558 , 1398 , 6 , 0
1213 , 1398 , 4 , 0
3100 , 1398 , 3 , 0
2610 , 1399 , 2 , 0
2242 , 1399 , 1 , 0
3668 , 1399 , 2 , 0
4062 , 1399 , 8 , 0
4426 , 1399 , 8 , 0
3070 , 1400 , 6 , 0
3418 , 1400 , 1 , 0
2886 , 1401 , 6 , 0
3642 , 1401 , 4 , 0
222 , 1401 , 2 , 0
4563 , 1401 , 1 , 0
2521 , 1401 , 5 , 0
2794 , 1401 , 5 , 0
2025 , 1402 , 3 , 0
2486 , 1402 , 4 , 0
4591 , 1402 , 2 , 0
926 , 1402 , 5 , 0
2608 , 1402 , 3 , 0
1884 , 1403 , 7 , 0
2219 , 1403 , 4 , 0
2931 , 1403 , 7 , 0
1069 , 1403 , 7 , 0
811 , 1403 , 2 , 0
2576 , 1404 , 5 , 0
4965 , 1404 , 6 , 0
3557 , 1404 , 2 , 0
1043 , 1404 , 8 , 0
2472 , 1404 , 3 , 0
1703 , 1404 , 6 , 0
502 , 1404 , 8 , 0
3493 , 1404 , 7 , 0
3710 , 1405 , 2 , 0
530 , 1405 , 5 , 0
4267 , 1405 , 6 , 0
4359 , 1406 , 4 , 0
4952 , 1406 , 6 , 0
515 , 1406 , 4 , 0
1280 , 1406 , 3 , 0
3034 , 1406 , 2 , 0
1849 , 1407 , 4 , 0
4768 , 1407 , 5 , 0
1275 , 1407 , 4 , 0
4759 , 1407 , 5 , 0
4218 , 1407 , 6 , 0
4428 , 1408 , 2 , 0
3974 , 1408 , 4 , 0
572 , 1409 , 3 , 0
2936 , 1409 , 8 , 0
2455 , 1409 , 8 , 0
2395 , 1409 , 8 , 0
4567 , 1409 , 1 , 0
2027 , 1409 , 5 , 0
2114 , 1409 , 7 , 0
2376 , 1410 , 8 , 0
2072 , 1410 , 2 , 0
3665 , 1410 , 6 , 0
754 , 1410 , 6 , 0
3914 , 1410 , 8 , 0
93 , 1410 , 5 , 0
956 , 1411 , 1 , 0
3820 , 1411 , 6 , 0
4312 , 1411 , 4 , 0
4970 , 1411 , 4 , 0
3045 , 1411 , 4 , 0
1416 , 1411 , 5 , 0
4087 , 1412 , 2 , 0
4753 , 1412 , 2 , 0
824 , 1412 , 5 , 0
4896 , 1413 , 6 , 0
862 , 1413 , 1 , 0
2028 , 1413 , 8 , 0
4103 , 1413 , 7 , 0
3704 , 1413 , 3 , 0
3686 , 1413 , 3 , 0
4347 , 1414 , 7 , 0
80 , 1414 , 2 , 0
1933 , 1415 , 5 , 0
268 , 1415 , 3 , 0
905 , 1415 , 1 , 0
3930 , 1415 , 3 , 0
4757 , 1416 , 2 , 0
4376 , 1416 , 7 , 0
2703 , 1416 , 5 , 0
3827 , 1416 , 5 , 0
3352 , 1416 , 7 , 0
4743 , 1417 , 5 , 0
4472 , 1417 , 7 , 0
3543 , 1417 , 1 , 0
4382 , 1418 , 7 , 0
3099 , 1418 , 3 , 0
4521 , 1418 , 7 , 0
787 , 1418 , 1 , 0
79 , 1418 , 7 , 0
2492 , 1419 , 2 , 0
2037 , 1419 , 7 , 0
1052 , 1419 , 2 , 0
1524 , 1420 , 2 , 0
2065 , 1420 , 4 , 0
3128 , 1420 , 3 , 0
1594 , 1420 , 5 , 0
2005 , 1420 , 3 , 0
1796 , 1420 , 7 , 0
349 , 1420 , 7 , 0
2268 , 1420 , 8 , 0
3214 , 1420 , 2 , 0
1526 , 1421 , 3 , 0
4791 , 1421 , 3 , 0
2813 , 1421 , 7 , 0
2415 , 1421 , 5 , 0
3331 , 1421 , 6 , 0
4195 , 1421 , 1 , 0
1125 , 1422 , 7 , 0
3052 , 1422 , 4 , 0
2034 , 1422 , 2 , 0
706 , 1422 , 4 , 0
4885 , 1422 , 5 , 0
4883 , 1422 , 4 , 0
3282 , 1423 , 7 , 0
2914 , 1423 , 6 , 0
1690 , 1423 , 7 , 0
2122 , 1423 , 1 , 0
1293 , 1423 , 2 , 0
4953 , 1424 , 4 , 0
4886 , 1424 , 4 , 0
1831 , 1424 , 8 , 0
414 , 1424 , 3 , 0
2368 , 1424 , 6 , 0
4088 , 1425 , 3 , 0
3155 , 1426 , 3 , 0
452 , 1426 , 2 , 0
2744 , 1426 , 6 , 0
4086 , 1426 , 5 , 0
4917 , 1426 , 3 , 0
2464 , 1426 , 4 , 0
1563 , 1427 , 2 , 0
1443 , 1427 , 1 , 0
1704 , 1427 , 7 , 0
4025 , 1427 , 6 , 0
785 , 1428 , 6 , 0
3365 , 1428 , 3 , 0
3186 , 1428 , 3 , 0
2556 , 1428 , 6 , 0
4845 , 1428 , 2 , 0
3623 , 1429 , 1 , 0
2709 , 1429 , 3 , 0
1756 , 1429 , 4 , 0
3968 , 1429 , 2 , 0
3202 , 1430 , 1 , 0
3311 , 1431 , 5 , 0
1637 , 1431 , 5 , 0
3736 , 1431 , 6 , 0
3199 , 1431 , 2 , 0
876 , 1431 , 5 , 0
1397 , 1431 , 5 , 0
4084 , 1432 , 6 , 0
4703 , 1432 , 4 , 0
2649 , 1432 , 3 , 0
3425 , 1432 , 5 , 0
900 , 1432 , 5 , 0
2316 , 1433 , 4 , 0
4562 , 1433 , 1 , 0
2949 , 1433 , 1 , 0
96 , 1433 , 5 , 0
3212 , 1433 , 7 , 0
4223 , 1433 , 3 , 0
1868 , 1433 , 7 , 0
4586 , 1434 , 3 , 0
2517 , 1434 , 6 , 0
2434 , 1434 , 7 , 0
128 , 1434 , 2 , 0
652 , 1434 , 5 , 0
964 , 1434 , 3 , 0
1208 , 1434 , 7 , 0
1736 , 1435 , 8 , 0
4227 , 1435 , 8 , 0
4616 , 1435 , 3 , 0
2300 , 1435 , 2 , 0
2278 , 1436 , 1 , 0
947 , 1436 , 7 , 0
1731 , 1436 , 1 , 0
1672 , 1436 , 2 , 0
2495 , 1436 , 3 , 0
1516 , 1436 , 2 , 0
1165 , 1437 , 5 , 0
2750 , 1437 , 6 , 0
3307 , 1437 , 3 , 0
3244 , 1438 , 3 , 0
962 , 1438 , 4 , 0
576 , 1438 , 4 , 0
4387 , 1438 , 3 , 0
1115 , 1439 , 7 , 0
2454 , 1439 , 4 , 0
3164 , 1439 , 1 , 0
3344 , 1439 , 5 , 0
3147 , 1439 , 7 , 0
364 , 1439 , 6 , 0
1687 , 1439 , 6 , 0
3103 , 1439 , 5 , 0
4658 , 1440 , 5 , 0
924 , 1440 , 1 , 0
43 , 1440 , 2 , 0
4752 , 1440 , 4 , 0
3662 , 1440 , 2 , 0
3303 , 1441 , 8 , 0
99 , 1441 , 5 , 0
2696 , 1441 , 5 , 0
2926 , 1442 , 8 , 0
182 , 1442 , 4 , 0
2092 , 1442 , 2 , 0
617 , 1442 , 7 , 0
4455 , 1443 , 8 , 0
3436 , 1443 , 3 , 0
1898 , 1443 , 5 , 0
1809 , 1444 , 5 , 0
4523 , 1444 , 3 , 0
2274 , 1444 , 4 , 0
1793 , 1444 , 5 , 0
644 , 1444 , 1 , 0
1132 , 1444 , 8 , 0
1503 , 1444 , 6 , 0
1015 , 1444 , 2 , 0
2958 , 1444 , 1 , 0
2902 , 1445 , 6 , 0
3122 , 1445 , 7 , 0
2508 , 1445 , 8 , 0
1742 , 1445 , 1 , 0
2207 , 1445 , 6 , 0
4477 , 1445 , 5 , 0
3298 , 1445 , 2 , 0
1960 , 1446 , 5 , 0
62 , 1446 , 6 , 0
3683 , 1446 , 8 , 0
189 , 1446 , 3 , 0
2239 , 1446 , 6 , 0
3003 , 1446 , 4 , 0
1965 , 1447 , 7 , 0
703 , 1447 , 3 , 0
2531 , 1447 , 8 , 0
3065 , 1447 , 4 , 0
1381 , 1447 , 6 , 0
3940 , 1447 , 7 , 0
4405 , 1447 , 4 , 0
1070 , 1447 , 5 , 0
927 , 1447 , 1 , 0
897 , 1447 , 7 , 0
2856 , 1447 , 7 , 0
3658 , 1447 , 8 , 0
1982 , 1448 , 4 , 0
709 , 1448 , 4 , 0
4398 , 1448 , 1 , 0
3829 , 1448 , 6 , 0
379 , 1448 , 6 , 0
1633 , 1448 , 5 , 0
1685 , 1448 , 4 , 0
4048 , 1449 , 4 , 0
3995 , 1449 , 4 , 0
2717 , 1449 , 7 , 0
3069 , 1449 , 3 , 0
3572 , 1450 , 6 , 0
3018 , 1450 , 2 , 0
1681 , 1450 , 7 , 0
3367 , 1450 , 2 , 0
4611 , 1450 , 8 , 0
2998 , 1450 , 2 , 0
1660 , 1450 , 2 , 0
4692 , 1451 , 8 , 0
4017 , 1451 , 5 , 0
4393 , 1451 , 2 , 0
1964 , 1452 , 8 , 0
1336 , 1452 , 5 , 0
1156 , 1452 , 2 , 0
969 , 1452 , 4 , 0
739 , 1452 , 7 , 0
4859 , 1453 , 3 , 0
3990 , 1453 , 8 , 0
2997 , 1453 , 5 , 0
2220 , 1453 , 7 , 0
1029 , 1453 , 8 , 0
3795 , 1453 , 6 , 0
983 , 1453 , 6 , 0
3589 , 1453 , 1 , 0
3867 , 1454 , 8 , 0
4004 , 1454 , 4 , 0
664 , 1454 , 1 , 0
987 , 1454 , 5 , 0
3564 , 1455 , 2 , 0
1518 , 1455 , 4 , 0
2890 , 1455 , 8 , 0
3472 , 1455 , 1 , 0
2082 , 1455 , 5 , 0
3688 , 1455 , 8 , 0
4123 , 1455 , 4 , 0
1024 , 1455 , 7 , 0
3563 , 1455 , 4 , 0
2707 , 1456 , 1 , 0
2727 , 1456 , 2 , 0
2731 , 1456 , 7 , 0
3109 , 1456 , 8 , 0
2835 , 1456 , 7 , 0
2234 , 1456 , 4 , 0
3271 , 1456 , 3 , 0
1956 , 1456 , 8 , 0
454 , 1457 , 1 , 0
779 , 1457 , 7 , 0
4812 , 1457 , 1 , 0
585 , 1457 , 7 , 0
3308 , 1458 , 7 , 0
2614 , 1458 , 8 , 0
1190 , 1458 , 6 , 0
2715 , 1458 , 7 , 0
2920 , 1458 , 7 , 0
1100 , 1458 , 4 , 0
1985 , 1459 , 6 , 0
1852 , 1459 , 3 , 0
1427 , 1459 , 2 , 0
4602 , 1459 , 4 , 0
3133 , 1459 , 1 , 0
4614 , 1459 , 5 , 0
3410 , 1459 , 5 , 0
2515 , 1459 , 3 , 0
371 , 1460 , 5 , 0
4139 , 1460 , 6 , 0
126 , 1460 , 6 , 0
1741 , 1461 , 6 , 0
2549 , 1461 , 6 , 0
4496 , 1461 , 6 , 0
4055 , 1461 , 5 , 0
3857 , 1461 , 2 , 0
1873 , 1461 , 5 , 0
682 , 1461 , 8 , 0
4389 , 1462 , 7 , 0
1382 , 1462 , 8 , 0
4944 , 1462 , 2 , 0
1217 , 1462 , 6 , 0
4881 , 1462 , 8 , 0
2716 , 1463 , 4 , 0
46 , 1463 , 5 , 0
3363 , 1463 , 8 , 0
4949 , 1464 , 8 , 0
3101 , 1464 , 7 , 0
506 , 1464 , 6 , 0
119 , 1464 , 2 , 0
2557 , 1465 , 2 , 0
4501 , 1465 , 8 , 0
4463 , 1465 , 1 , 0
1026 , 1465 , 6 , 0
3289 , 1465 , 6 , 0
868 , 1465 , 1 , 0
4741 , 1465 , 7 , 0
218 , 1466 , 8 , 0
4245 , 1466 , 6 , 0
2335 , 1466 , 5 , 0
456 , 1466 , 4 , 0
4254 , 1466 , 4 , 0
496 , 1467 , 8 , 0
3393 , 1468 , 6 , 0
1399 , 1468 , 6 , 0
2840 , 1468 , 4 , 0
821 , 1468 , 6 , 0
2012 , 1468 , 6 , 0
4888 , 1468 , 2 , 0
3435 , 1468 , 2 , 0
4592 , 1468 , 4 , 0
641 , 1468 , 1 , 0
541 , 1469 , 7 , 0
2212 , 1469 , 6 , 0
4209 , 1469 , 5 , 0
3992 , 1469 , 4 , 0
4069 , 1469 , 8 , 0
4570 , 1469 , 7 , 0
4140 , 1469 , 2 , 0
129 , 1470 , 4 , 0
1232 , 1470 , 5 , 0
3608 , 1470 , 5 , 0
2453 , 1470 , 1 , 0
1924 , 1471 , 7 , 0
755 , 1471 , 8 , 0
2093 , 1471 , 5 , 0
1640 , 1471 , 1 , 0
1478 , 1471 , 8 , 0
950 , 1471 , 4 , 0
2778 , 1471 , 1 , 0
2337 , 1471 , 4 , 0
795 , 1471 , 5 , 0
45 , 1471 , 2 , 0
3879 , 1472 , 8 , 0
1223 , 1472 , 3 , 0
2754 , 1472 , 8 , 0
4090 , 1472 , 7 , 0
1996 , 1472 , 6 , 0
4065 , 1473 , 6 , 0
3484 , 1473 , 6 , 0
1918 , 1473 , 8 , 0
2993 , 1474 , 7 , 0
1769 , 1474 , 2 , 0
3513 , 1474 , 2 , 0
14 , 1475 , 2 , 0
273 , 1475 , 7 , 0
1724 , 1475 , 1 , 0
782 , 1475 , 2 , 0
815 , 1475 , 1 , 0
4361 , 1475 , 8 , 0
3797 , 1475 , 4 , 0
4002 , 1475 , 4 , 0
2512 , 1476 , 4 , 0
2461 , 1476 , 1 , 0
2291 , 1476 , 2 , 0
3187 , 1476 , 4 , 0
1251 , 1476 , 1 , 0
395 , 1476 , 8 , 0
1846 , 1476 , 8 , 0
3278 , 1477 , 2 , 0
2577 , 1477 , 4 , 0
3998 , 1477 , 3 , 0
4892 , 1477 , 5 , 0
3261 , 1477 , 7 , 0
1987 , 1477 , 3 , 0
4136 , 1478 , 1 , 0
2530 , 1478 , 5 , 0
2527 , 1478 , 7 , 0
73 , 1478 , 1 , 0
394 , 1479 , 2 , 0
3815 , 1479 , 6 , 0
2571 , 1479 , 6 , 0
1830 , 1479 , 4 , 0
3471 , 1479 , 2 , 0
4716 , 1480 , 2 , 0
3468 , 1480 , 4 , 0
2119 , 1480 , 1 , 0
4319 , 1481 , 5 , 0
1808 , 1481 , 5 , 0
1255 , 1481 , 1 , 0
842 , 1481 , 1 , 0
3066 , 1481 , 3 , 0
4138 , 1481 , 2 , 0
4392 , 1481 , 8 , 0
3121 , 1481 , 6 , 0
2950 , 1482 , 5 , 0
4203 , 1482 , 5 , 0
740 , 1482 , 1 , 0
2757 , 1483 , 3 , 0
4610 , 1483 , 6 , 0
3622 , 1483 , 8 , 0
3058 , 1483 , 4 , 0
2039 , 1484 , 2 , 0
2225 , 1484 , 2 , 0
1653 , 1485 , 5 , 0
4052 , 1485 , 6 , 0
4612 , 1486 , 1 , 0
973 , 1487 , 2 , 0
4739 , 1487 , 5 , 0
50 , 1487 , 2 , 0
4211 , 1487 , 3 , 0
241 , 1488 , 8 , 0
282 , 1488 , 6 , 0
2834 , 1488 , 5 , 0
1511 , 1488 , 4 , 0
2640 , 1489 , 7 , 0
4040 , 1489 , 7 , 0
731 , 1489 , 4 , 0
2378 , 1489 , 8 , 0
4721 , 1489 , 8 , 0
2792 , 1489 , 8 , 0
33 , 1489 , 6 , 0
4258 , 1489 , 1 , 0
1102 , 1489 , 1 , 0
388 , 1489 , 4 , 0
2533 , 1490 , 7 , 0
3086 , 1490 , 3 , 0
2892 , 1490 , 4 , 0
4145 , 1490 , 4 , 0
2845 , 1490 , 1 , 0
1153 , 1490 , 6 , 0
2574 , 1490 , 3 , 0
998 , 1491 , 5 , 0
187 , 1491 , 7 , 0
3846 , 1491 , 6 , 0
836 , 1492 , 8 , 0
4214 , 1492 , 3 , 0
4260 , 1492 , 3 , 0
1372 , 1492 , 2 , 0
4449 , 1492 , 7 , 0
4239 , 1493 , 6 , 0
3228 , 1493 , 8 , 0
3858 , 1493 , 7 , 0
2560 , 1494 , 1 , 0
2004 , 1494 , 2 , 0
30 , 1494 , 3 , 0
866 , 1494 , 2 , 0
148 , 1494 , 1 , 0
3691 , 1494 , 3 , 0
2088 , 1494 , 3 , 0
4283 , 1495 , 3 , 0
2496 , 1495 , 4 , 0
4719 , 1495 , 8 , 0
712 , 1495 , 4 , 0
2096 , 1495 , 5 , 0
3405 , 1495 , 4 , 0
2572 , 1496 , 1 , 0
3162 , 1496 , 8 , 0
3476 , 1496 , 1 , 0
1528 , 1496 , 5 , 0
198 , 1496 , 6 , 0
3432 , 1496 , 5 , 0
3014 , 1496 , 6 , 0
1877 , 1496 , 2 , 0
3179 , 1497 , 8 , 0
2396 , 1497 , 3 , 0
294 , 1498 , 2 , 0
4346 , 1498 , 2 , 0
2280 , 1498 , 2 , 0
2181 , 1498 , 6 , 0
2882 , 1498 , 6 , 0
1229 , 1499 , 3 , 0
4156 , 1499 , 4 , 0
435 , 1499 , 3 , 0
3880 , 1499 , 2 , 0
