Couple Index , Gift Index
0 , 5062
0 , 397
0 , 7707
0 , 5342
0 , 3203
0 , 8026
0 , 1675
0 , 7698
0 , 3870
0 , 7617
0 , 3755
0 , 7699
0 , 8755
0 , 5747
0 , 397
0 , 7707
0 , 3203
0 , 8026
0 , 1675
0 , 7698
0 , 3870
0 , 7617
0 , 3755
0 , 7699
0 , 2555
0 , 8755
0 , 2429
0 , 7786
0 , 3517
0 , 7676
0 , 8087
1 , 5263
1 , 397
1 , 7707
1 , 5687
1 , 3203
1 , 8026
1 , 1675
1 , 3870
1 , 5862
1 , 397
1 , 7707
1 , 5218
1 , 3203
1 , 8026
1 , 1675
1 , 3870
2 , 5028
2 , 397
2 , 7707
2 , 5320
2 , 3203
2 , 8026
2 , 1675
2 , 5162
2 , 397
2 , 7707
2 , 5238
2 , 3203
2 , 8026
2 , 1675
2 , 3870
3 , 5883
3 , 397
3 , 7707
3 , 3203
3 , 8026
3 , 1675
3 , 7698
3 , 3870
3 , 7617
3 , 3755
3 , 7699
3 , 2555
3 , 8755
3 , 2429
3 , 7786
3 , 3517
3 , 7676
3 , 8087
3 , 5126
3 , 397
3 , 7707
3 , 3203
3 , 8026
3 , 1675
3 , 7698
3 , 3870
3 , 7617
3 , 3755
3 , 7699
3 , 2555
3 , 8755
3 , 2429
3 , 7786
3 , 3517
3 , 7676
3 , 8087
4 , 5189
4 , 397
4 , 7707
4 , 5255
4 , 3203
4 , 8026
4 , 5749
4 , 5501
4 , 397
4 , 7707
4 , 5015
4 , 3203
4 , 8026
4 , 5244
4 , 7698
5 , 5114
5 , 397
5 , 7707
5 , 5373
5 , 3203
5 , 8026
5 , 5551
5 , 1675
5 , 7698
5 , 3870
5 , 7617
6 , 5083
6 , 397
6 , 7707
6 , 5715
6 , 3203
6 , 8026
6 , 5686
6 , 1675
7 , 5209
7 , 397
7 , 7707
7 , 5082
7 , 3203
7 , 8026
7 , 5116
7 , 1675
7 , 7698
7 , 3870
8 , 5409
8 , 397
8 , 7707
8 , 5769
8 , 3203
8 , 8026
8 , 5084
8 , 1675
8 , 7698
8 , 3870
9 , 5835
9 , 397
9 , 7707
9 , 5311
9 , 3203
9 , 8026
9 , 1675
9 , 7698
9 , 3870
9 , 7617
9 , 3755
9 , 7699
9 , 2555
9 , 8755
9 , 2429
9 , 7786
9 , 7676
9 , 8087
10 , 5803
10 , 397
10 , 7707
10 , 3203
10 , 8026
10 , 1675
10 , 7698
10 , 3870
10 , 7617
10 , 3755
10 , 7699
10 , 2555
10 , 8755
10 , 2429
10 , 7786
10 , 3517
10 , 7676
10 , 8087
11 , 5337
11 , 397
11 , 7707
11 , 5530
11 , 3203
11 , 8026
11 , 5592
11 , 1675
11 , 7698
11 , 3870
12 , 5811
12 , 397
12 , 7707
12 , 3203
12 , 8026
12 , 1675
12 , 7698
12 , 3870
12 , 7617
12 , 3755
12 , 7699
12 , 2555
12 , 8755
12 , 2429
12 , 7786
12 , 3517
12 , 7676
12 , 8087
13 , 5478
13 , 397
13 , 7707
13 , 5884
13 , 3203
13 , 8026
13 , 5422
13 , 1675
13 , 7698
13 , 7617
13 , 7699
14 , 5257
14 , 397
14 , 7707
14 , 3203
14 , 8026
14 , 1675
14 , 7698
14 , 3870
14 , 7617
14 , 3755
14 , 7699
14 , 2555
14 , 8755
14 , 2429
14 , 7786
14 , 3517
14 , 7676
14 , 8087
15 , 5362
15 , 397
15 , 7707
15 , 3203
15 , 8026
15 , 1675
15 , 7698
15 , 3870
15 , 7617
15 , 3755
15 , 7699
15 , 2555
15 , 8755
15 , 2429
15 , 7786
15 , 3517
15 , 7676
15 , 8087
16 , 5032
16 , 397
16 , 7707
16 , 5758
16 , 3203
16 , 8026
16 , 7698
16 , 7617
16 , 1675
17 , 5778
17 , 397
17 , 7707
17 , 5952
17 , 3203
17 , 8026
17 , 7698
17 , 7617
17 , 7699
18 , 5007
18 , 397
18 , 7707
18 , 5199
18 , 3203
18 , 8026
18 , 7698
18 , 7617
18 , 1675
19 , 5125
19 , 397
19 , 7707
19 , 5969
19 , 3203
19 , 8026
19 , 7698
19 , 7617
19 , 1675
20 , 5047
20 , 397
20 , 7707
20 , 5633
20 , 3203
20 , 8026
20 , 7698
20 , 7617
20 , 1675
21 , 5601
21 , 397
21 , 7707
21 , 5431
21 , 3203
21 , 8026
21 , 1675
21 , 7698
21 , 3870
21 , 7617
21 , 3755
21 , 7699
21 , 2555
21 , 8755
21 , 2429
22 , 5694
22 , 397
22 , 7707
22 , 3203
22 , 8026
22 , 1675
22 , 7698
22 , 3870
22 , 7617
22 , 3755
22 , 7699
22 , 2555
22 , 8755
22 , 2429
22 , 7786
22 , 3517
22 , 7676
22 , 8087
23 , 5951
23 , 397
23 , 7707
23 , 3203
23 , 8026
23 , 1675
23 , 7698
23 , 3870
23 , 7617
23 , 3755
23 , 7699
23 , 2555
23 , 8755
23 , 2429
23 , 7786
23 , 3517
23 , 7676
23 , 8087
24 , 5144
24 , 397
24 , 7707
24 , 3203
24 , 8026
24 , 1675
24 , 7698
24 , 3870
24 , 7617
24 , 3755
24 , 7699
24 , 2555
24 , 8755
24 , 2429
24 , 7786
24 , 3517
24 , 7676
24 , 8087
25 , 5445
25 , 397
25 , 7707
25 , 5967
25 , 3203
25 , 8026
25 , 7698
25 , 7617
25 , 1675
26 , 5233
26 , 397
26 , 7707
26 , 5987
26 , 3203
26 , 8026
26 , 5714
26 , 1675
26 , 7698
26 , 7617
27 , 5322
27 , 397
27 , 7707
27 , 5248
27 , 3203
27 , 8026
27 , 1675
27 , 7698
27 , 3870
27 , 7617
27 , 3755
27 , 7699
27 , 2555
27 , 8755
27 , 2429
27 , 7786
27 , 7676
28 , 5391
28 , 397
28 , 7707
28 , 5564
28 , 3203
28 , 8026
28 , 7698
28 , 1675
29 , 5948
29 , 397
29 , 7707
29 , 5350
29 , 3203
29 , 8026
29 , 5576
29 , 1675
29 , 7698
30 , 5205
30 , 397
30 , 7707
30 , 3203
30 , 8026
30 , 1675
30 , 7698
30 , 3870
30 , 7617
30 , 3755
30 , 7699
30 , 2555
30 , 8755
30 , 2429
30 , 7786
30 , 3517
30 , 7676
30 , 8087
31 , 5544
31 , 397
31 , 7707
31 , 3203
31 , 8026
31 , 1675
31 , 7698
31 , 3870
31 , 7617
31 , 3755
31 , 7699
31 , 2555
31 , 8755
31 , 2429
31 , 7786
31 , 3517
31 , 7676
31 , 8087
32 , 5304
32 , 397
32 , 7707
32 , 5841
32 , 3203
32 , 8026
32 , 7698
32 , 1675
33 , 5553
33 , 397
33 , 7707
33 , 3203
33 , 8026
33 , 1675
33 , 7698
33 , 3870
33 , 7617
33 , 3755
33 , 7699
33 , 2555
33 , 8755
33 , 2429
33 , 7786
33 , 3517
33 , 7676
33 , 8087
34 , 5149
34 , 397
34 , 7707
34 , 5498
34 , 3203
34 , 8026
34 , 7698
34 , 7617
35 , 5487
35 , 397
35 , 7707
35 , 5449
35 , 3203
35 , 8026
35 , 7698
35 , 1675
36 , 5703
36 , 397
36 , 7707
36 , 5146
36 , 3203
36 , 8026
36 , 1675
36 , 7698
36 , 3870
36 , 7617
36 , 3755
36 , 7699
36 , 2555
36 , 8755
36 , 7786
37 , 5241
37 , 397
37 , 7707
37 , 3203
37 , 8026
37 , 1675
37 , 7698
37 , 3870
37 , 7617
37 , 3755
37 , 7699
37 , 2555
37 , 8755
37 , 2429
37 , 7786
37 , 3517
37 , 7676
37 , 8087
38 , 5239
38 , 397
38 , 7707
38 , 5226
38 , 3203
38 , 8026
38 , 7698
38 , 1675
39 , 5336
39 , 397
39 , 7707
39 , 3203
39 , 8026
39 , 1675
39 , 7698
39 , 3870
39 , 7617
39 , 3755
39 , 7699
39 , 2555
39 , 8755
39 , 2429
39 , 7786
39 , 3517
39 , 7676
39 , 8087
40 , 5420
40 , 397
40 , 7707
40 , 3203
40 , 8026
40 , 1675
40 , 7698
40 , 3870
40 , 7617
40 , 3755
40 , 7699
40 , 2555
40 , 8755
40 , 2429
40 , 7786
40 , 3517
40 , 7676
40 , 8087
41 , 5913
41 , 397
41 , 7707
41 , 5617
41 , 3203
41 , 8026
41 , 1675
41 , 7698
42 , 5539
42 , 397
42 , 7707
42 , 5690
42 , 3203
42 , 8026
42 , 7698
42 , 1675
43 , 5639
43 , 397
43 , 7707
43 , 3203
43 , 8026
43 , 1675
43 , 7698
43 , 3870
43 , 7617
43 , 3755
43 , 7699
43 , 2555
43 , 8755
43 , 2429
43 , 7786
43 , 3517
43 , 7676
43 , 8087
44 , 5395
44 , 397
44 , 7707
44 , 3203
44 , 8026
44 , 1675
44 , 7698
44 , 3870
44 , 7617
44 , 3755
44 , 7699
44 , 2555
44 , 8755
44 , 2429
44 , 7786
44 , 3517
44 , 7676
44 , 8087
45 , 5847
45 , 397
45 , 7707
45 , 5947
45 , 3203
45 , 8026
45 , 7698
45 , 1675
46 , 5548
46 , 397
46 , 7707
46 , 3203
46 , 8026
46 , 1675
46 , 7698
46 , 3870
46 , 7617
46 , 3755
46 , 7699
46 , 2555
46 , 8755
46 , 2429
46 , 7786
46 , 3517
46 , 7676
46 , 8087
47 , 5831
47 , 397
47 , 7707
47 , 5837
47 , 3203
47 , 8026
47 , 1675
47 , 7698
47 , 3870
47 , 7617
48 , 5432
48 , 397
48 , 7707
48 , 3203
48 , 8026
48 , 1675
48 , 7698
48 , 3870
48 , 7617
48 , 3755
48 , 7699
48 , 2555
48 , 8755
48 , 2429
48 , 7786
48 , 3517
48 , 7676
48 , 8087
49 , 5917
49 , 397
49 , 7707
49 , 3203
49 , 8026
49 , 1675
49 , 7698
49 , 3870
49 , 7617
49 , 3755
49 , 7699
49 , 2555
49 , 8755
49 , 2429
49 , 7786
49 , 3517
49 , 7676
49 , 8087
50 , 5918
50 , 397
50 , 7707
50 , 3203
50 , 8026
50 , 1675
50 , 7698
50 , 3870
50 , 7617
50 , 3755
50 , 7699
50 , 2555
50 , 8755
50 , 2429
50 , 7786
50 , 3517
50 , 7676
50 , 8087
51 , 5410
51 , 397
51 , 7707
51 , 3203
51 , 8026
51 , 1675
51 , 7698
51 , 3870
51 , 7617
51 , 3755
51 , 7699
51 , 2555
51 , 8755
51 , 2429
51 , 7786
51 , 3517
51 , 7676
51 , 8087
52 , 5799
52 , 397
52 , 7707
52 , 5247
52 , 3203
52 , 8026
52 , 7698
52 , 1675
53 , 5305
53 , 397
53 , 7707
53 , 3203
53 , 8026
53 , 1675
53 , 7698
53 , 3870
53 , 7617
53 , 3755
53 , 7699
53 , 2555
53 , 8755
53 , 2429
53 , 7786
53 , 3517
53 , 7676
53 , 8087
54 , 5365
54 , 397
54 , 7707
54 , 5066
54 , 3203
54 , 8026
54 , 7698
54 , 1675
55 , 5669
55 , 397
55 , 7707
55 , 5818
55 , 3203
55 , 8026
55 , 7698
55 , 1675
56 , 5317
56 , 397
56 , 7707
56 , 5877
56 , 3203
56 , 8026
56 , 7698
57 , 5181
57 , 397
57 , 7707
57 , 5963
57 , 3203
57 , 8026
57 , 1675
58 , 5312
58 , 397
58 , 7707
58 , 3203
58 , 8026
58 , 1675
58 , 7698
58 , 3870
58 , 7617
58 , 3755
58 , 7699
58 , 2555
58 , 8755
58 , 2429
58 , 7786
58 , 3517
58 , 7676
58 , 8087
59 , 5065
59 , 397
59 , 7707
59 , 5645
59 , 3203
59 , 8026
59 , 1675
60 , 5632
60 , 397
60 , 7707
60 , 5396
60 , 3203
60 , 8026
60 , 1675
61 , 5326
61 , 397
61 , 7707
61 , 5911
61 , 3203
61 , 8026
61 , 1675
61 , 7698
61 , 3870
61 , 7617
61 , 3755
61 , 7699
61 , 2555
61 , 8755
61 , 2429
62 , 5069
62 , 397
62 , 7707
62 , 5281
62 , 3203
62 , 8026
62 , 1675
63 , 5793
63 , 397
63 , 7707
63 , 5973
63 , 3203
63 , 8026
63 , 1675
64 , 5586
64 , 397
64 , 7707
64 , 3203
64 , 8026
64 , 1675
64 , 7698
64 , 3870
64 , 7617
64 , 3755
64 , 7699
64 , 2555
64 , 8755
64 , 2429
64 , 7786
64 , 3517
64 , 7676
64 , 8087
65 , 5908
65 , 397
65 , 7707
65 , 5394
65 , 3203
65 , 8026
65 , 5104
65 , 7698
66 , 5351
66 , 397
66 , 7707
66 , 5740
66 , 3203
66 , 8026
66 , 1675
67 , 5615
67 , 397
67 , 7707
67 , 3203
67 , 8026
67 , 1675
67 , 7698
67 , 3870
67 , 7617
67 , 3755
67 , 7699
67 , 2555
67 , 8755
67 , 2429
67 , 7786
67 , 3517
67 , 7676
67 , 8087
68 , 5800
68 , 397
68 , 7707
68 , 5619
68 , 3203
68 , 8026
68 , 1675
69 , 5361
69 , 397
69 , 7707
69 , 3203
69 , 8026
69 , 1675
69 , 7698
69 , 3870
69 , 7617
69 , 3755
69 , 7699
69 , 2555
69 , 8755
69 , 2429
69 , 7786
69 , 3517
69 , 7676
69 , 8087
70 , 5442
70 , 397
70 , 7707
70 , 5789
70 , 3203
70 , 8026
70 , 1675
71 , 5095
71 , 397
71 , 7707
71 , 3203
71 , 8026
71 , 1675
71 , 7698
71 , 3870
71 , 7617
71 , 3755
71 , 7699
71 , 2555
71 , 8755
71 , 2429
71 , 7786
71 , 3517
71 , 7676
71 , 8087
72 , 5004
72 , 397
72 , 7707
72 , 3203
72 , 8026
72 , 1675
72 , 7698
72 , 3870
72 , 7617
72 , 3755
72 , 7699
72 , 2555
72 , 8755
72 , 2429
72 , 7786
72 , 3517
72 , 7676
72 , 8087
73 , 5187
73 , 397
73 , 7707
73 , 5276
73 , 3203
73 , 8026
73 , 1675
73 , 7698
73 , 3870
73 , 7617
73 , 3755
73 , 7699
73 , 2555
73 , 8755
73 , 2429
73 , 7786
73 , 7676
73 , 8087
74 , 5300
74 , 397
74 , 7707
74 , 3203
74 , 8026
74 , 1675
74 , 7698
74 , 3870
74 , 7617
74 , 3755
74 , 7699
74 , 2555
74 , 8755
74 , 2429
74 , 7786
74 , 3517
74 , 7676
74 , 8087
75 , 5975
75 , 397
75 , 7707
75 , 3203
75 , 8026
75 , 1675
75 , 7698
75 , 3870
75 , 7617
75 , 3755
75 , 7699
75 , 2555
75 , 8755
75 , 2429
75 , 7786
75 , 3517
75 , 7676
75 , 8087
76 , 5211
76 , 397
76 , 7707
76 , 5332
76 , 3203
76 , 8026
76 , 1675
76 , 7698
76 , 3870
76 , 7617
76 , 3755
76 , 7699
76 , 2555
76 , 8755
76 , 2429
76 , 7786
76 , 3517
77 , 5479
77 , 397
77 , 7707
77 , 5574
77 , 3203
77 , 8026
77 , 5626
78 , 5833
78 , 397
78 , 7707
78 , 5960
78 , 3203
78 , 8026
78 , 1675
79 , 5268
79 , 397
79 , 7707
79 , 3203
79 , 8026
79 , 1675
79 , 7698
79 , 3870
79 , 7617
79 , 3755
79 , 7699
79 , 2555
79 , 8755
79 , 2429
79 , 7786
79 , 3517
79 , 7676
79 , 8087
80 , 5360
80 , 397
80 , 7707
80 , 5943
80 , 3203
80 , 8026
80 , 1675
80 , 7698
80 , 3870
80 , 7617
80 , 3755
80 , 7699
80 , 2555
80 , 8755
80 , 7786
80 , 7676
81 , 5091
81 , 397
81 , 7707
81 , 5762
81 , 3203
81 , 8026
81 , 1675
81 , 7698
81 , 3870
81 , 7617
81 , 7699
82 , 5370
82 , 397
82 , 7707
82 , 5944
82 , 3203
82 , 8026
82 , 1675
83 , 5942
83 , 397
83 , 7707
83 , 3203
83 , 8026
83 , 1675
83 , 7698
83 , 3870
83 , 7617
83 , 3755
83 , 7699
83 , 2555
83 , 8755
83 , 2429
83 , 7786
83 , 3517
83 , 7676
83 , 8087
84 , 5851
84 , 397
84 , 7707
84 , 3203
84 , 8026
84 , 1675
84 , 7698
84 , 3870
84 , 7617
84 , 3755
84 , 7699
84 , 2555
84 , 8755
84 , 2429
84 , 7786
84 , 3517
84 , 7676
84 , 8087
85 , 5434
85 , 397
85 , 7707
85 , 5630
85 , 3203
85 , 8026
85 , 1675
86 , 5136
86 , 397
86 , 7707
86 , 5284
86 , 3203
86 , 8026
86 , 1675
86 , 7698
86 , 3870
86 , 7617
86 , 3755
86 , 7699
86 , 2555
86 , 8755
86 , 2429
86 , 7786
86 , 3517
86 , 7676
86 , 8087
87 , 5874
87 , 397
87 , 7707
87 , 3203
87 , 8026
87 , 1675
87 , 7698
87 , 3870
87 , 7617
87 , 3755
87 , 7699
87 , 2555
87 , 8755
87 , 2429
87 , 7786
87 , 3517
87 , 7676
87 , 8087
88 , 5780
88 , 397
88 , 7707
88 , 5164
88 , 3203
88 , 8026
88 , 1675
89 , 5036
89 , 397
89 , 7707
89 , 3203
89 , 8026
89 , 1675
89 , 7698
89 , 3870
89 , 7617
89 , 3755
89 , 7699
89 , 2555
89 , 8755
89 , 2429
89 , 7786
89 , 3517
89 , 7676
89 , 8087
90 , 5198
90 , 397
90 , 7707
90 , 5954
90 , 3203
90 , 8026
90 , 1675
91 , 5058
91 , 397
91 , 7707
91 , 5043
91 , 3203
91 , 8026
91 , 1675
92 , 5185
92 , 397
92 , 7707
92 , 5035
92 , 3203
92 , 8026
92 , 1675
92 , 7698
92 , 3870
92 , 7617
92 , 3755
92 , 7699
92 , 2555
92 , 8755
92 , 2429
92 , 7786
92 , 3517
93 , 5173
93 , 397
93 , 7707
93 , 5151
93 , 3203
93 , 8026
93 , 1675
94 , 5240
94 , 397
94 , 7707
94 , 5644
94 , 3203
94 , 8026
94 , 1675
94 , 7698
94 , 3870
94 , 7617
94 , 3755
94 , 7699
94 , 2555
94 , 8755
94 , 2429
94 , 7786
94 , 3517
94 , 7676
95 , 5596
95 , 397
95 , 7707
95 , 5529
95 , 3203
95 , 8026
95 , 1675
96 , 5027
96 , 397
96 , 7707
96 , 3203
96 , 8026
96 , 1675
96 , 7698
96 , 3870
96 , 7617
96 , 3755
96 , 7699
96 , 2555
96 , 8755
96 , 2429
96 , 7786
96 , 3517
96 , 7676
96 , 8087
97 , 5517
97 , 397
97 , 7707
97 , 3203
97 , 8026
97 , 1675
97 , 7698
97 , 3870
97 , 7617
97 , 3755
97 , 7699
97 , 2555
97 , 8755
97 , 2429
97 , 7786
97 , 3517
97 , 7676
97 , 8087
98 , 5024
98 , 397
98 , 7707
98 , 3203
98 , 8026
98 , 1675
98 , 7698
98 , 3870
98 , 7617
98 , 3755
98 , 7699
98 , 2555
98 , 8755
98 , 2429
98 , 7786
98 , 3517
98 , 7676
98 , 8087
99 , 5128
99 , 397
99 , 7707
99 , 5507
99 , 3203
99 , 8026
99 , 1675
99 , 7698
99 , 3870
99 , 7617
99 , 3755
99 , 7699
99 , 2555
99 , 8755
99 , 2429
99 , 7786
99 , 3517
99 , 7676
100 , 5041
100 , 397
100 , 7707
100 , 5688
100 , 3203
100 , 8026
100 , 1675
101 , 5473
101 , 397
101 , 7707
101 , 5726
101 , 3203
101 , 8026
101 , 1675
101 , 7698
101 , 3870
101 , 7617
101 , 3755
101 , 7699
101 , 8755
102 , 5722
102 , 397
102 , 7707
102 , 5673
102 , 3203
102 , 8026
102 , 1675
102 , 7698
102 , 3870
102 , 7617
102 , 3755
102 , 7699
102 , 2555
102 , 8755
102 , 2429
102 , 7786
102 , 3517
102 , 7676
103 , 5828
103 , 397
103 , 7707
103 , 3203
103 , 8026
103 , 1675
103 , 7698
103 , 3870
103 , 7617
103 , 3755
103 , 7699
103 , 2555
103 , 8755
103 , 2429
103 , 7786
103 , 3517
103 , 7676
103 , 8087
104 , 5454
104 , 397
104 , 7707
104 , 3203
104 , 8026
104 , 1675
104 , 7698
104 , 3870
104 , 7617
104 , 3755
104 , 7699
104 , 2555
104 , 8755
104 , 2429
104 , 7786
104 , 3517
104 , 7676
104 , 8087
105 , 5689
105 , 397
105 , 7707
105 , 5299
105 , 3203
105 , 8026
105 , 1675
105 , 7698
105 , 3870
105 , 7617
105 , 3755
106 , 5537
106 , 397
106 , 7707
106 , 5761
106 , 3203
106 , 8026
106 , 1675
106 , 7698
106 , 3870
106 , 7617
106 , 3755
106 , 7699
106 , 8755
107 , 5108
107 , 397
107 , 7707
107 , 3203
107 , 8026
107 , 1675
107 , 7698
107 , 3870
107 , 7617
107 , 3755
107 , 7699
107 , 2555
107 , 8755
107 , 2429
107 , 7786
107 , 3517
107 , 7676
107 , 8087
108 , 5148
108 , 397
108 , 7707
108 , 5386
108 , 3203
108 , 8026
109 , 5457
109 , 397
109 , 7707
109 , 5068
109 , 3203
109 , 1675
110 , 5440
110 , 397
110 , 7707
110 , 3203
110 , 8026
110 , 1675
110 , 7698
110 , 3870
110 , 7617
110 , 3755
110 , 7699
110 , 2555
110 , 8755
110 , 2429
110 , 7786
110 , 3517
110 , 7676
110 , 8087
111 , 5815
111 , 397
111 , 7707
111 , 5590
111 , 3203
111 , 8026
112 , 5577
112 , 397
112 , 7707
112 , 5497
112 , 3203
112 , 1675
113 , 5272
113 , 397
113 , 7707
113 , 5706
113 , 3203
113 , 8026
113 , 1675
113 , 7698
113 , 3870
113 , 7617
113 , 3755
114 , 5657
114 , 397
114 , 7707
114 , 5142
114 , 3203
114 , 1675
115 , 5836
115 , 397
115 , 7707
115 , 5316
115 , 3203
115 , 8026
115 , 1675
115 , 7698
115 , 3870
115 , 7617
115 , 3755
115 , 7699
115 , 2555
115 , 8755
115 , 2429
115 , 7786
116 , 5541
116 , 397
116 , 7707
116 , 5737
116 , 3203
116 , 8026
116 , 1675
117 , 5029
117 , 397
117 , 7707
117 , 3203
117 , 8026
117 , 1675
117 , 7698
117 , 3870
117 , 7617
117 , 3755
117 , 7699
117 , 2555
117 , 8755
117 , 2429
117 , 7786
117 , 3517
117 , 7676
117 , 8087
118 , 5112
118 , 397
118 , 7707
118 , 5494
118 , 3203
118 , 8026
118 , 1675
118 , 7698
118 , 3870
118 , 7617
118 , 7699
119 , 5608
119 , 397
119 , 7707
119 , 3203
119 , 8026
119 , 1675
119 , 7698
119 , 3870
119 , 7617
119 , 3755
119 , 7699
119 , 2555
119 , 8755
119 , 2429
119 , 7786
119 , 3517
119 , 7676
119 , 8087
120 , 5070
120 , 397
120 , 7707
120 , 3203
120 , 8026
120 , 1675
120 , 7698
120 , 3870
120 , 7617
120 , 3755
120 , 7699
120 , 2555
120 , 8755
120 , 2429
120 , 7786
120 , 3517
120 , 7676
120 , 8087
121 , 5371
121 , 397
121 , 7707
121 , 3203
121 , 8026
121 , 1675
121 , 7698
121 , 3870
121 , 7617
121 , 3755
121 , 7699
121 , 2555
121 , 8755
121 , 2429
121 , 7786
121 , 3517
121 , 7676
121 , 8087
122 , 5901
122 , 397
122 , 7707
122 , 3203
122 , 8026
122 , 1675
122 , 7698
122 , 3870
122 , 7617
122 , 3755
122 , 7699
122 , 2555
122 , 8755
122 , 2429
122 , 7786
122 , 3517
122 , 7676
122 , 8087
123 , 5160
123 , 397
123 , 7707
123 , 5435
123 , 3203
123 , 1675
124 , 5664
124 , 397
124 , 7707
124 , 5978
124 , 3203
124 , 1675
125 , 5344
125 , 397
125 , 7707
125 , 5448
125 , 3203
125 , 8026
125 , 1675
125 , 7698
125 , 3870
125 , 7617
125 , 3755
125 , 7699
125 , 2555
125 , 8755
125 , 2429
125 , 7786
125 , 7676
125 , 8087
126 , 5827
126 , 397
126 , 7707
126 , 5513
126 , 8026
126 , 7698
127 , 5206
127 , 397
127 , 7707
127 , 3203
127 , 8026
127 , 1675
127 , 7698
127 , 3870
127 , 7617
127 , 3755
127 , 7699
127 , 2555
127 , 8755
127 , 2429
127 , 7786
127 , 3517
127 , 7676
127 , 8087
128 , 5377
128 , 397
128 , 7707
128 , 5910
128 , 8026
128 , 7698
128 , 3203
129 , 5313
129 , 397
129 , 7707
129 , 3203
129 , 8026
129 , 1675
129 , 7698
129 , 3870
129 , 7617
129 , 3755
129 , 7699
129 , 2555
129 , 8755
129 , 2429
129 , 7786
129 , 3517
129 , 7676
129 , 8087
130 , 5099
130 , 397
130 , 7707
130 , 5820
130 , 3203
130 , 8026
130 , 1675
130 , 7698
130 , 3870
130 , 7617
130 , 3755
130 , 7699
130 , 2555
130 , 8755
131 , 5363
131 , 397
131 , 7707
131 , 5565
131 , 8026
131 , 7698
131 , 3203
132 , 5384
132 , 397
132 , 7707
132 , 3203
132 , 8026
132 , 1675
132 , 7698
132 , 3870
132 , 7617
132 , 3755
132 , 7699
132 , 2555
132 , 8755
132 , 2429
132 , 7786
132 , 3517
132 , 7676
132 , 8087
133 , 5957
133 , 397
133 , 7707
133 , 3203
133 , 8026
133 , 1675
133 , 7698
133 , 3870
133 , 7617
133 , 3755
133 , 7699
133 , 2555
133 , 8755
133 , 2429
133 , 7786
133 , 3517
133 , 7676
133 , 8087
134 , 5412
134 , 397
134 , 7707
134 , 5204
134 , 8026
134 , 7698
134 , 3203
135 , 5286
135 , 397
135 , 7707
135 , 3203
135 , 8026
135 , 1675
135 , 7698
135 , 3870
135 , 7617
135 , 3755
135 , 7699
135 , 2555
135 , 8755
135 , 2429
135 , 7786
135 , 3517
135 , 7676
135 , 8087
136 , 5207
136 , 397
136 , 7707
136 , 5306
136 , 8026
136 , 7698
136 , 3203
137 , 5578
137 , 397
137 , 7707
137 , 3203
137 , 8026
137 , 1675
137 , 7698
137 , 3870
137 , 7617
137 , 3755
137 , 7699
137 , 2555
137 , 8755
137 , 2429
137 , 7786
137 , 3517
137 , 7676
137 , 8087
138 , 5237
138 , 397
138 , 7707
138 , 5123
138 , 3203
138 , 8026
138 , 1675
138 , 7698
138 , 3870
138 , 7617
138 , 3755
138 , 7699
138 , 2555
138 , 8755
138 , 2429
138 , 7786
138 , 7676
139 , 5271
139 , 397
139 , 7707
139 , 5949
139 , 8026
139 , 3203
140 , 5708
140 , 397
140 , 7707
140 , 5582
140 , 3203
140 , 8026
140 , 1675
140 , 7698
140 , 3870
140 , 7617
140 , 3755
141 , 5875
141 , 397
141 , 7707
141 , 5260
141 , 3203
141 , 8026
141 , 1675
142 , 5358
142 , 397
142 , 7707
142 , 3203
142 , 8026
142 , 1675
142 , 7698
142 , 3870
142 , 7617
142 , 3755
142 , 7699
142 , 2555
142 , 8755
142 , 2429
142 , 7786
142 , 3517
142 , 7676
143 , 5797
143 , 397
143 , 7707
143 , 3203
143 , 8026
143 , 1675
143 , 7698
143 , 3870
143 , 7617
143 , 3755
143 , 7699
143 , 2555
143 , 8755
143 , 2429
143 , 7786
143 , 3517
143 , 7676
144 , 5366
144 , 397
144 , 7707
144 , 3203
144 , 8026
144 , 1675
144 , 7698
144 , 3870
144 , 7617
144 , 3755
144 , 7699
144 , 2555
144 , 8755
144 , 2429
144 , 7786
144 , 3517
144 , 7676
145 , 5235
145 , 397
145 , 7707
145 , 5616
145 , 8026
145 , 3203
146 , 5469
146 , 397
146 , 7707
146 , 3203
146 , 8026
146 , 1675
146 , 7698
146 , 3870
146 , 7617
146 , 3755
146 , 7699
146 , 2555
146 , 8755
146 , 2429
146 , 7786
146 , 3517
146 , 7676
147 , 5456
147 , 397
147 , 7707
147 , 5567
147 , 8026
147 , 3203
148 , 5472
148 , 397
148 , 7707
148 , 5519
148 , 8026
148 , 3203
149 , 5705
149 , 397
149 , 7707
149 , 5907
149 , 3203
149 , 8026
149 , 1675
149 , 7698
149 , 3870
150 , 5088
150 , 397
150 , 7707
150 , 3203
150 , 8026
150 , 1675
150 , 7698
150 , 3870
150 , 7617
150 , 3755
150 , 7699
150 , 2555
150 , 8755
150 , 2429
150 , 7786
150 , 3517
150 , 7676
151 , 5711
151 , 397
151 , 7707
151 , 5048
151 , 3203
151 , 8026
151 , 1675
151 , 7698
151 , 3870
151 , 7617
151 , 7699
152 , 5614
152 , 397
152 , 7707
152 , 5416
152 , 3203
152 , 8026
152 , 1675
152 , 7698
152 , 3870
153 , 5328
153 , 397
153 , 7707
153 , 5958
153 , 8026
153 , 3203
154 , 5684
154 , 397
154 , 7707
154 , 5682
154 , 8026
154 , 3203
155 , 5717
155 , 397
155 , 7707
155 , 3203
155 , 8026
155 , 1675
155 , 7698
155 , 3870
155 , 7617
155 , 3755
155 , 7699
155 , 2555
155 , 8755
155 , 2429
155 , 7786
155 , 3517
155 , 7676
156 , 5175
156 , 397
156 , 7707
156 , 5303
156 , 8026
156 , 3203
157 , 5037
157 , 397
157 , 7707
157 , 5953
157 , 3203
157 , 8026
157 , 1675
157 , 7698
157 , 3870
157 , 7617
157 , 3755
157 , 7699
157 , 2555
157 , 8755
158 , 5120
158 , 397
158 , 7707
158 , 5293
158 , 3203
158 , 8026
158 , 1675
158 , 7698
158 , 3870
158 , 7617
158 , 3755
158 , 7699
158 , 2555
158 , 8755
158 , 7786
158 , 7676
159 , 5744
159 , 397
159 , 7707
159 , 3203
159 , 8026
159 , 1675
159 , 7698
159 , 3870
159 , 7617
159 , 3755
159 , 7699
159 , 2555
159 , 8755
159 , 2429
159 , 7786
159 , 3517
159 , 7676
160 , 5121
160 , 397
160 , 7707
160 , 3203
160 , 8026
160 , 1675
160 , 7698
160 , 3870
160 , 7617
160 , 3755
160 , 7699
160 , 2555
160 , 8755
160 , 2429
160 , 7786
160 , 3517
160 , 7676
161 , 5523
161 , 397
161 , 7707
161 , 5278
161 , 8026
161 , 3203
162 , 5580
162 , 397
162 , 7707
162 , 5546
162 , 3203
162 , 8026
162 , 1675
162 , 7698
162 , 3870
162 , 7617
162 , 3755
162 , 7699
162 , 2555
162 , 8755
162 , 2429
163 , 5359
163 , 397
163 , 7707
163 , 5283
163 , 8026
163 , 3203
164 , 5654
164 , 397
164 , 7707
164 , 3203
164 , 8026
164 , 1675
164 , 7698
164 , 3870
164 , 7617
164 , 3755
164 , 7699
164 , 2555
164 , 8755
164 , 2429
164 , 7786
164 , 3517
164 , 7676
165 , 5444
165 , 397
165 , 7707
165 , 5772
165 , 8026
165 , 3203
166 , 5696
166 , 397
166 , 7707
166 , 5964
166 , 3203
166 , 8026
166 , 1675
166 , 7698
167 , 5790
167 , 397
167 , 7707
167 , 5816
167 , 3203
168 , 5064
168 , 397
168 , 7707
168 , 5556
168 , 3203
168 , 8026
168 , 1675
169 , 5748
169 , 397
169 , 7707
169 , 5188
169 , 3203
170 , 5558
170 , 397
170 , 7707
170 , 3203
170 , 8026
170 , 1675
170 , 7698
170 , 3870
170 , 7617
170 , 3755
170 , 7699
170 , 2555
170 , 8755
170 , 2429
170 , 7786
170 , 3517
170 , 7676
171 , 5118
171 , 397
171 , 7707
171 , 5783
171 , 8026
171 , 7698
172 , 5892
172 , 397
172 , 7707
172 , 5508
172 , 3203
172 , 8026
172 , 1675
172 , 7698
172 , 3870
172 , 7617
172 , 3755
172 , 7699
172 , 2555
172 , 8755
172 , 7786
172 , 7676
173 , 5127
173 , 397
173 , 7707
173 , 5261
173 , 3203
173 , 8026
173 , 1675
173 , 7698
173 , 3870
173 , 7617
173 , 3755
173 , 7699
173 , 2555
173 , 8755
173 , 7786
174 , 5398
174 , 397
174 , 7707
174 , 5979
174 , 3203
175 , 5904
175 , 397
175 , 7707
175 , 3203
175 , 8026
175 , 1675
175 , 7698
175 , 3870
175 , 7617
175 , 3755
175 , 7699
175 , 2555
175 , 8755
175 , 2429
175 , 7786
175 , 3517
175 , 7676
176 , 5998
176 , 397
176 , 7707
176 , 5808
176 , 3203
176 , 8026
176 , 1675
176 , 7698
176 , 3870
176 , 7617
176 , 3755
176 , 7699
176 , 2555
176 , 8755
176 , 7786
177 , 5482
177 , 397
177 , 7707
177 , 3203
177 , 8026
177 , 1675
177 , 7698
177 , 3870
177 , 7617
177 , 3755
177 , 7699
177 , 2555
177 , 8755
177 , 2429
177 , 7786
177 , 3517
177 , 7676
177 , 8087
178 , 5922
178 , 397
178 , 7707
178 , 3203
178 , 8026
178 , 1675
178 , 7698
178 , 3870
178 , 7617
178 , 3755
178 , 7699
178 , 2555
178 , 8755
178 , 2429
178 , 7786
178 , 3517
178 , 7676
179 , 5279
179 , 397
179 , 7707
179 , 5899
179 , 3203
179 , 8026
179 , 1675
179 , 7698
179 , 3870
179 , 7617
179 , 3755
179 , 7699
179 , 2555
179 , 8755
179 , 7786
180 , 5154
180 , 397
180 , 7707
180 , 5631
180 , 3203
180 , 8026
180 , 1675
180 , 7698
180 , 3870
180 , 7617
180 , 3755
180 , 7699
180 , 8755
181 , 5168
181 , 397
181 , 7707
181 , 3203
181 , 8026
181 , 1675
181 , 7698
181 , 3870
181 , 7617
181 , 3755
181 , 7699
181 , 2555
181 , 8755
181 , 2429
181 , 7786
181 , 3517
181 , 7676
181 , 8087
182 , 5824
182 , 397
182 , 7707
182 , 3203
182 , 8026
182 , 1675
182 , 7698
182 , 3870
182 , 7617
182 , 3755
182 , 7699
182 , 2555
182 , 8755
182 , 2429
182 , 7786
182 , 3517
182 , 7676
182 , 8087
183 , 5593
183 , 397
183 , 7707
183 , 3203
183 , 8026
183 , 1675
183 , 7698
183 , 3870
183 , 7617
183 , 3755
183 , 7699
183 , 2555
183 , 8755
183 , 2429
183 , 7786
183 , 3517
183 , 7676
183 , 8087
184 , 5941
184 , 397
184 , 7707
184 , 3203
184 , 8026
184 , 1675
184 , 7698
184 , 3870
184 , 7617
184 , 3755
184 , 7699
184 , 2555
184 , 8755
184 , 2429
184 , 7786
184 , 3517
184 , 7676
184 , 8087
185 , 5538
185 , 397
185 , 7707
185 , 5006
185 , 3203
186 , 5825
186 , 397
186 , 7707
186 , 5909
186 , 3203
186 , 8026
186 , 1675
186 , 7698
186 , 3870
187 , 5658
187 , 397
187 , 7707
187 , 5683
187 , 3203
188 , 5170
188 , 397
188 , 7707
188 , 5852
188 , 3203
188 , 8026
188 , 1675
188 , 7698
189 , 5192
189 , 397
189 , 7707
189 , 5840
189 , 3203
189 , 8026
189 , 1675
189 , 7698
189 , 7617
190 , 5736
190 , 397
190 , 7707
190 , 5355
190 , 3203
191 , 5988
191 , 397
191 , 7707
191 , 5113
191 , 3203
192 , 5968
192 , 397
192 , 7707
192 , 5710
192 , 3203
192 , 8026
192 , 1675
193 , 5076
193 , 397
193 , 7707
193 , 5906
193 , 3203
194 , 5400
194 , 397
194 , 7707
194 , 5022
194 , 3203
195 , 5085
195 , 397
195 , 7707
195 , 5839
195 , 3203
195 , 8026
195 , 1675
195 , 7698
195 , 3870
195 , 7617
195 , 3755
195 , 7699
195 , 2555
195 , 8755
196 , 5846
196 , 397
196 , 7707
196 , 3203
196 , 8026
196 , 1675
196 , 7698
196 , 3870
196 , 7617
196 , 3755
196 , 7699
196 , 2555
196 , 8755
196 , 2429
196 , 7786
196 , 3517
196 , 7676
196 , 8087
197 , 5823
197 , 397
197 , 7707
197 , 3203
197 , 8026
197 , 1675
197 , 7698
197 , 3870
197 , 7617
197 , 3755
197 , 7699
197 , 2555
197 , 8755
197 , 2429
197 , 7786
197 , 3517
197 , 7676
197 , 8087
198 , 5675
198 , 397
198 , 7707
198 , 5993
198 , 3203
198 , 8026
198 , 1675
198 , 7698
199 , 5353
199 , 397
199 , 7707
199 , 5153
199 , 3203
200 , 5698
200 , 397
200 , 7707
200 , 5813
200 , 3203
200 , 8026
200 , 1675
200 , 7698
200 , 3870
200 , 7617
200 , 3755
200 , 7699
200 , 2555
200 , 8755
201 , 5503
201 , 397
201 , 7707
201 , 5414
201 , 3203
202 , 5676
202 , 397
202 , 7707
202 , 5750
202 , 3203
203 , 5929
203 , 397
203 , 7707
203 , 5480
203 , 3203
204 , 5008
204 , 397
204 , 7707
204 , 5463
204 , 3203
204 , 8026
204 , 1675
204 , 7698
204 , 3870
204 , 7617
204 , 3755
204 , 7699
204 , 8755
205 , 5014
205 , 397
205 , 7707
205 , 5001
205 , 3203
206 , 5364
206 , 397
206 , 7707
206 , 5288
206 , 3203
207 , 5427
207 , 397
207 , 7707
207 , 3203
207 , 8026
207 , 1675
207 , 7698
207 , 3870
207 , 7617
207 , 3755
207 , 7699
207 , 2555
207 , 8755
207 , 2429
207 , 7786
207 , 3517
207 , 7676
207 , 8087
208 , 5990
208 , 397
208 , 7707
208 , 5753
208 , 3203
209 , 5441
209 , 397
209 , 7707
209 , 5031
210 , 5702
210 , 397
210 , 7707
210 , 5771
210 , 8026
211 , 5997
211 , 397
211 , 7707
211 , 3203
211 , 8026
211 , 1675
211 , 7698
211 , 3870
211 , 7617
211 , 3755
211 , 7699
211 , 2555
211 , 8755
211 , 2429
211 , 7786
211 , 3517
211 , 7676
211 , 8087
212 , 5569
212 , 397
212 , 7707
212 , 5387
212 , 3203
212 , 8026
212 , 7698
212 , 7617
213 , 5666
213 , 397
213 , 7707
213 , 5733
213 , 3203
213 , 8026
213 , 7698
214 , 5894
214 , 397
214 , 7707
214 , 3203
214 , 8026
214 , 1675
214 , 7698
214 , 3870
214 , 7617
214 , 3755
214 , 7699
214 , 2555
214 , 8755
214 , 2429
214 , 7786
214 , 3517
214 , 7676
214 , 8087
215 , 5854
215 , 397
215 , 7707
215 , 5401
215 , 3203
215 , 8026
215 , 1675
215 , 7698
215 , 3870
215 , 7617
215 , 3755
215 , 7699
215 , 2555
215 , 8755
216 , 5873
216 , 397
216 , 7707
216 , 3203
216 , 8026
216 , 1675
216 , 7698
216 , 3870
216 , 7617
216 , 3755
216 , 7699
216 , 2555
216 , 8755
216 , 2429
216 , 7786
216 , 3517
216 , 7676
216 , 8087
217 , 5934
217 , 397
217 , 7707
217 , 3203
217 , 8026
217 , 1675
217 , 7698
217 , 3870
217 , 7617
217 , 3755
217 , 7699
217 , 2555
217 , 8755
217 , 2429
217 , 7786
217 , 3517
217 , 7676
217 , 8087
218 , 5732
218 , 397
218 , 7707
218 , 3203
218 , 8026
218 , 1675
218 , 7698
218 , 3870
218 , 7617
218 , 3755
218 , 7699
218 , 2555
218 , 8755
218 , 2429
218 , 7786
218 , 3517
218 , 7676
218 , 8087
218 , 3683
219 , 5102
219 , 397
219 , 7707
219 , 3203
219 , 8026
219 , 1675
219 , 7698
219 , 3870
219 , 7617
219 , 3755
219 , 7699
219 , 2555
219 , 8755
219 , 2429
219 , 7786
219 , 3517
219 , 7676
219 , 8087
220 , 5730
220 , 397
220 , 7707
220 , 3203
220 , 8026
220 , 1675
220 , 7698
220 , 3870
220 , 7617
220 , 3755
220 , 7699
220 , 2555
220 , 8755
220 , 2429
220 , 7786
220 , 3517
220 , 7676
220 , 8087
221 , 5156
221 , 397
221 , 7707
221 , 3203
221 , 8026
221 , 1675
221 , 7698
221 , 3870
221 , 7617
221 , 3755
221 , 7699
221 , 2555
221 , 8755
221 , 2429
221 , 7786
221 , 3517
221 , 7676
221 , 8087
222 , 5424
222 , 397
222 , 7707
222 , 3203
222 , 8026
222 , 1675
222 , 7698
222 , 3870
222 , 7617
222 , 3755
222 , 7699
222 , 2555
222 , 8755
222 , 2429
222 , 7786
222 , 3517
222 , 7676
222 , 8087
223 , 5667
223 , 397
223 , 7707
223 , 5010
223 , 3203
223 , 8026
223 , 1675
223 , 7698
223 , 3870
223 , 7617
223 , 3755
223 , 7699
223 , 2555
224 , 5522
224 , 397
224 , 7707
224 , 5671
224 , 8026
224 , 7698
225 , 5685
225 , 397
225 , 7707
225 , 5697
225 , 3203
225 , 8026
225 , 1675
225 , 7698
225 , 3870
226 , 5566
226 , 397
226 , 7707
226 , 5741
226 , 3203
226 , 8026
226 , 1675
226 , 7698
226 , 3870
226 , 7617
226 , 7699
227 , 5133
227 , 397
227 , 7707
227 , 3203
227 , 8026
227 , 1675
227 , 7698
227 , 3870
227 , 7617
227 , 3755
227 , 7699
227 , 2555
227 , 8755
227 , 2429
227 , 7786
227 , 3517
227 , 7676
227 , 8087
227 , 3683
228 , 5595
228 , 397
228 , 7707
228 , 3203
228 , 8026
228 , 1675
228 , 7698
228 , 3870
228 , 7617
228 , 3755
228 , 7699
228 , 2555
228 , 8755
228 , 2429
228 , 7786
228 , 3517
228 , 7676
228 , 8087
229 , 5452
229 , 397
229 , 7707
229 , 3203
229 , 8026
229 , 1675
229 , 7698
229 , 3870
229 , 7617
229 , 3755
229 , 7699
229 , 2555
229 , 8755
229 , 2429
229 , 7786
229 , 3517
229 , 7676
229 , 8087
229 , 3683
230 , 5928
230 , 397
230 , 7707
230 , 3203
230 , 8026
230 , 1675
230 , 7698
230 , 3870
230 , 7617
230 , 3755
230 , 7699
230 , 2555
230 , 8755
230 , 2429
230 , 7786
230 , 3517
230 , 7676
230 , 8087
230 , 3683
231 , 5474
231 , 397
231 , 7707
231 , 5251
231 , 3203
231 , 8026
231 , 1675
231 , 7698
231 , 3870
231 , 7617
231 , 3755
231 , 7699
231 , 2555
231 , 8755
232 , 5413
232 , 397
232 , 7707
232 , 5274
232 , 3203
232 , 8026
232 , 1675
232 , 7698
232 , 3870
232 , 7617
232 , 3755
232 , 7699
232 , 2555
233 , 5202
233 , 397
233 , 7707
233 , 5794
233 , 3203
233 , 8026
233 , 1675
233 , 7698
233 , 3870
233 , 7617
233 , 3755
233 , 7699
233 , 2555
234 , 5752
234 , 397
234 , 7707
234 , 3203
234 , 8026
234 , 1675
234 , 7698
234 , 3870
234 , 7617
234 , 3755
234 , 7699
234 , 2555
234 , 8755
234 , 2429
234 , 7786
234 , 3517
234 , 7676
234 , 8087
234 , 3683
235 , 5528
235 , 397
235 , 7707
235 , 3203
235 , 8026
235 , 1675
235 , 7698
235 , 3870
235 , 7617
235 , 3755
235 , 7699
235 , 2555
235 , 8755
235 , 2429
235 , 7786
235 , 3517
235 , 7676
235 , 8087
235 , 3683
236 , 5230
236 , 397
236 , 7707
236 , 3203
236 , 8026
236 , 1675
236 , 7698
236 , 3870
236 , 7617
236 , 3755
236 , 7699
236 , 2555
236 , 8755
236 , 2429
236 , 7786
236 , 3517
236 , 7676
236 , 8087
236 , 3683
237 , 5152
237 , 397
237 , 7707
237 , 5406
237 , 3203
237 , 8026
237 , 1675
237 , 7698
237 , 3870
237 , 7617
237 , 3755
237 , 7699
237 , 8755
238 , 5483
238 , 397
238 , 7707
238 , 3203
238 , 8026
238 , 1675
238 , 7698
238 , 3870
238 , 7617
238 , 3755
238 , 7699
238 , 2555
238 , 8755
238 , 2429
238 , 7786
238 , 3517
238 , 7676
238 , 8087
238 , 3683
239 , 5679
239 , 397
239 , 7707
239 , 3203
239 , 8026
239 , 1675
239 , 7698
239 , 3870
239 , 7617
239 , 3755
239 , 7699
239 , 2555
239 , 8755
239 , 2429
239 , 7786
239 , 3517
239 , 7676
239 , 8087
239 , 3683
240 , 5858
240 , 397
240 , 7707
240 , 3203
240 , 8026
240 , 1675
240 , 7698
240 , 3870
240 , 7617
240 , 3755
240 , 7699
240 , 2555
240 , 8755
240 , 2429
240 , 7786
240 , 3517
240 , 7676
240 , 8087
240 , 3683
241 , 5937
241 , 397
241 , 7707
241 , 3203
241 , 8026
241 , 1675
241 , 7698
241 , 3870
241 , 7617
241 , 3755
241 , 7699
241 , 2555
241 , 8755
241 , 2429
241 , 7786
241 , 3517
241 , 7676
241 , 8087
242 , 5532
242 , 397
242 , 7707
242 , 3203
242 , 8026
242 , 1675
242 , 7698
242 , 3870
242 , 7617
242 , 3755
242 , 7699
242 , 2555
242 , 8755
242 , 2429
242 , 7786
242 , 3517
242 , 7676
242 , 8087
242 , 3683
243 , 5040
243 , 397
243 , 7707
243 , 3203
243 , 8026
243 , 1675
243 , 7698
243 , 3870
243 , 7617
243 , 3755
243 , 7699
243 , 2555
243 , 8755
243 , 2429
243 , 7786
243 , 3517
243 , 7676
243 , 8087
243 , 3683
244 , 5709
244 , 397
244 , 7707
244 , 3203
244 , 8026
244 , 1675
244 , 7698
244 , 3870
244 , 7617
244 , 3755
244 , 7699
244 , 2555
244 , 8755
244 , 2429
244 , 7786
244 , 3517
244 , 7676
244 , 8087
245 , 5495
245 , 397
245 , 7707
245 , 3203
245 , 8026
245 , 1675
245 , 7698
245 , 3870
245 , 7617
245 , 3755
245 , 7699
245 , 2555
245 , 8755
245 , 2429
245 , 7786
245 , 3517
245 , 7676
245 , 8087
246 , 5788
246 , 397
246 , 7707
246 , 5369
246 , 3203
246 , 8026
246 , 1675
246 , 7698
246 , 3870
246 , 7617
246 , 3755
246 , 7699
247 , 5289
247 , 397
247 , 7707
247 , 5754
247 , 3203
247 , 8026
247 , 1675
247 , 7698
247 , 3870
248 , 5423
248 , 397
248 , 7707
248 , 3203
248 , 8026
248 , 1675
248 , 7698
248 , 3870
248 , 7617
248 , 3755
248 , 7699
248 , 2555
248 , 8755
248 , 2429
248 , 7786
248 , 3517
248 , 7676
248 , 8087
249 , 5333
249 , 397
249 , 7707
249 , 3203
249 , 8026
249 , 1675
249 , 7698
249 , 3870
249 , 7617
249 , 3755
249 , 7699
249 , 2555
249 , 8755
249 , 2429
249 , 7786
249 , 3517
249 , 7676
249 , 8087
249 , 3683
250 , 5536
250 , 397
250 , 7707
250 , 3203
250 , 8026
250 , 1675
250 , 7698
250 , 3870
250 , 7617
250 , 3755
250 , 7699
250 , 2555
250 , 8755
250 , 2429
250 , 7786
250 , 3517
250 , 7676
250 , 8087
251 , 5555
251 , 397
251 , 7707
251 , 3203
251 , 8026
251 , 1675
251 , 7698
251 , 3870
251 , 7617
251 , 3755
251 , 7699
251 , 2555
251 , 8755
251 , 2429
251 , 7786
251 , 3517
251 , 7676
251 , 8087
251 , 3683
252 , 5349
252 , 397
252 , 7707
252 , 3203
252 , 8026
252 , 1675
252 , 7698
252 , 3870
252 , 7617
252 , 3755
252 , 7699
252 , 2555
252 , 8755
252 , 2429
252 , 7786
252 , 3517
252 , 7676
252 , 8087
253 , 5776
253 , 397
253 , 7707
253 , 3203
253 , 8026
253 , 1675
253 , 7698
253 , 3870
253 , 7617
253 , 3755
253 , 7699
253 , 2555
253 , 8755
253 , 2429
253 , 7786
253 , 3517
253 , 7676
253 , 8087
254 , 5182
254 , 397
254 , 7707
254 , 3203
254 , 8026
254 , 1675
254 , 7698
254 , 3870
254 , 7617
254 , 3755
254 , 7699
254 , 2555
254 , 8755
254 , 2429
254 , 7786
254 , 3517
254 , 7676
254 , 8087
254 , 3683
255 , 5451
255 , 397
255 , 7707
255 , 5374
255 , 3203
256 , 5191
256 , 397
256 , 7707
256 , 5141
256 , 3203
256 , 8026
256 , 1675
256 , 7698
256 , 3870
256 , 7617
256 , 3755
256 , 7699
257 , 5570
257 , 397
257 , 7707
257 , 3203
257 , 8026
257 , 1675
257 , 7698
257 , 3870
257 , 7617
257 , 3755
257 , 7699
257 , 2555
257 , 8755
257 , 2429
257 , 7786
257 , 3517
257 , 7676
257 , 8087
258 , 5242
258 , 397
258 , 7707
258 , 5865
258 , 3203
258 , 8026
258 , 1675
258 , 7698
258 , 3870
258 , 7617
258 , 3755
258 , 7699
259 , 5505
259 , 397
259 , 7707
259 , 3203
259 , 8026
259 , 1675
259 , 7698
259 , 3870
259 , 7617
259 , 3755
259 , 7699
259 , 2555
259 , 8755
259 , 2429
259 , 7786
259 , 3517
259 , 7676
259 , 8087
260 , 5871
260 , 397
260 , 7707
260 , 3203
260 , 8026
260 , 1675
260 , 7698
260 , 3870
260 , 7617
260 , 3755
260 , 7699
260 , 2555
260 , 8755
260 , 2429
260 , 7786
260 , 3517
260 , 7676
260 , 8087
261 , 5223
261 , 397
261 , 7707
261 , 3203
261 , 8026
261 , 1675
261 , 7698
261 , 3870
261 , 7617
261 , 3755
261 , 7699
261 , 2555
261 , 8755
261 , 2429
261 , 7786
261 , 3517
261 , 7676
261 , 8087
261 , 3683
262 , 5655
262 , 397
262 , 7707
262 , 3203
262 , 8026
262 , 1675
262 , 7698
262 , 3870
262 , 7617
262 , 3755
262 , 7699
262 , 2555
262 , 8755
262 , 2429
262 , 7786
262 , 3517
262 , 7676
262 , 8087
263 , 5002
263 , 397
263 , 7707
263 , 3203
263 , 8026
263 , 1675
263 , 7698
263 , 3870
263 , 7617
263 , 3755
263 , 7699
263 , 2555
263 , 8755
263 , 2429
263 , 7786
263 , 3517
263 , 7676
263 , 8087
264 , 5896
264 , 397
264 , 7707
264 , 5045
264 , 3203
264 , 8026
264 , 1675
264 , 7698
264 , 3870
265 , 5510
265 , 397
265 , 7707
265 , 3203
265 , 8026
265 , 1675
265 , 7698
265 , 3870
265 , 7617
265 , 3755
265 , 7699
265 , 2555
265 , 8755
265 , 2429
265 , 7786
265 , 3517
265 , 7676
265 , 8087
266 , 5470
266 , 397
266 , 7707
266 , 3203
266 , 8026
266 , 1675
266 , 7698
266 , 3870
266 , 7617
266 , 3755
266 , 7699
266 , 2555
266 , 8755
266 , 2429
266 , 7786
266 , 3517
266 , 7676
266 , 8087
267 , 5158
267 , 397
267 , 7707
267 , 5163
267 , 3203
267 , 8026
267 , 1675
267 , 7698
267 , 3870
267 , 7617
267 , 3755
268 , 5603
268 , 397
268 , 7707
268 , 5903
268 , 3203
269 , 5760
269 , 397
269 , 7707
269 , 5331
269 , 3203
269 , 8026
269 , 1675
269 , 7698
269 , 3870
269 , 7617
269 , 3755
269 , 7699
269 , 8755
270 , 5767
270 , 397
270 , 7707
270 , 3203
270 , 8026
270 , 1675
270 , 7698
270 , 3870
270 , 7617
270 , 3755
270 , 7699
270 , 2555
270 , 8755
270 , 2429
270 , 7786
270 , 3517
270 , 7676
270 , 8087
271 , 5110
271 , 397
271 , 7707
271 , 3203
271 , 8026
271 , 1675
271 , 7698
271 , 3870
271 , 7617
271 , 3755
271 , 7699
271 , 2555
271 , 8755
271 , 2429
271 , 7786
271 , 3517
271 , 7676
271 , 8087
272 , 5357
272 , 397
272 , 7707
272 , 3203
272 , 8026
272 , 1675
272 , 7698
272 , 3870
272 , 7617
272 , 3755
272 , 7699
272 , 2555
272 , 8755
272 , 2429
272 , 7786
272 , 3517
272 , 7676
272 , 8087
273 , 5695
273 , 397
273 , 7707
273 , 5955
273 , 3203
273 , 8026
273 , 1675
273 , 7698
273 , 3870
274 , 5378
274 , 397
274 , 7707
274 , 5509
274 , 3203
274 , 8026
274 , 1675
274 , 7698
274 , 3870
274 , 7617
274 , 3755
275 , 5924
275 , 397
275 , 7707
275 , 3203
275 , 8026
275 , 1675
275 , 7698
275 , 3870
275 , 7617
275 , 3755
275 , 7699
275 , 2555
275 , 8755
275 , 2429
275 , 7786
275 , 3517
275 , 7676
275 , 8087
276 , 5812
276 , 397
276 , 7707
276 , 5868
276 , 3203
276 , 8026
276 , 1675
277 , 5054
277 , 397
277 , 7707
277 , 3203
277 , 8026
277 , 1675
277 , 7698
277 , 3870
277 , 7617
277 , 3755
277 , 7699
277 , 2555
277 , 8755
277 , 2429
277 , 7786
277 , 3517
277 , 7676
277 , 8087
277 , 8030
278 , 5137
278 , 397
278 , 7707
278 , 3203
278 , 8026
278 , 1675
278 , 7698
278 , 3870
278 , 7617
278 , 3755
278 , 7699
278 , 2555
278 , 8755
278 , 2429
278 , 7786
278 , 3517
278 , 7676
278 , 8087
278 , 3683
279 , 5704
279 , 397
279 , 7707
279 , 5915
279 , 3203
279 , 8026
279 , 1675
279 , 7698
279 , 7617
280 , 5637
280 , 397
280 , 7707
280 , 5768
280 , 3203
280 , 8026
280 , 1675
280 , 7698
280 , 3870
280 , 7617
280 , 7699
281 , 5525
281 , 397
281 , 7707
281 , 5270
281 , 3203
281 , 8026
282 , 5177
282 , 397
282 , 7707
282 , 5368
282 , 3203
282 , 8026
282 , 1675
282 , 7698
282 , 3870
282 , 7617
282 , 3755
282 , 7699
283 , 5759
283 , 397
283 , 7707
283 , 5773
284 , 5214
284 , 397
284 , 7707
284 , 5252
284 , 3203
284 , 8026
284 , 1675
284 , 7698
284 , 3870
284 , 7617
285 , 5161
285 , 397
285 , 7707
285 , 5132
285 , 3203
285 , 8026
285 , 1675
285 , 7698
285 , 3870
285 , 7617
285 , 7699
286 , 5976
286 , 397
286 , 7707
286 , 5610
286 , 3203
286 , 8026
286 , 1675
286 , 7698
286 , 3870
286 , 7617
286 , 7699
286 , 8755
287 , 5661
287 , 397
287 , 7707
287 , 3203
287 , 8026
287 , 1675
287 , 7698
287 , 3870
287 , 7617
287 , 3755
287 , 7699
287 , 2555
287 , 8755
287 , 2429
287 , 7786
287 , 3517
287 , 7676
287 , 8087
288 , 5970
288 , 397
288 , 7707
288 , 3203
288 , 8026
288 , 1675
288 , 7698
288 , 3870
288 , 7617
288 , 3755
288 , 7699
288 , 2555
288 , 8755
288 , 2429
288 , 7786
288 , 3517
288 , 7676
288 , 8087
288 , 3683
289 , 5269
289 , 397
289 , 7707
289 , 5157
289 , 3203
289 , 8026
289 , 1675
289 , 7698
289 , 3870
289 , 7617
289 , 3755
290 , 5787
290 , 397
290 , 7707
290 , 5653
290 , 8026
291 , 5249
291 , 397
291 , 7707
291 , 5785
292 , 5757
292 , 397
292 , 7707
292 , 3203
292 , 8026
292 , 1675
292 , 7698
292 , 3870
292 , 7617
292 , 3755
292 , 7699
292 , 2555
292 , 8755
292 , 2429
292 , 7786
292 , 3517
292 , 7676
292 , 8087
293 , 5087
293 , 397
293 , 7707
293 , 3203
293 , 8026
293 , 1675
293 , 7698
293 , 3870
293 , 7617
293 , 3755
293 , 7699
293 , 2555
293 , 8755
293 , 2429
293 , 7786
293 , 3517
293 , 7676
293 , 8087
293 , 3683
294 , 5589
294 , 397
294 , 7707
294 , 3203
294 , 8026
294 , 1675
294 , 7698
294 , 3870
294 , 7617
294 , 3755
294 , 7699
294 , 2555
294 , 8755
294 , 2429
294 , 7786
294 , 3517
294 , 7676
294 , 8087
295 , 5521
295 , 397
295 , 7707
295 , 3203
295 , 8026
295 , 1675
295 , 7698
295 , 3870
295 , 7617
295 , 3755
295 , 7699
295 , 2555
295 , 8755
295 , 2429
295 , 7786
295 , 3517
295 , 7676
295 , 8087
295 , 3683
296 , 5905
296 , 397
296 , 7707
296 , 3203
296 , 8026
296 , 1675
296 , 7698
296 , 3870
296 , 7617
296 , 3755
296 , 7699
296 , 2555
296 , 8755
296 , 2429
296 , 7786
296 , 3517
296 , 7676
296 , 8087
296 , 3683
297 , 5832
297 , 397
297 , 7707
297 , 3203
297 , 8026
297 , 1675
297 , 7698
297 , 3870
297 , 7617
297 , 3755
297 , 7699
297 , 2555
297 , 8755
297 , 2429
297 , 7786
297 , 3517
297 , 7676
297 , 8087
298 , 5443
298 , 397
298 , 7707
298 , 3203
298 , 8026
298 , 1675
298 , 7698
298 , 3870
298 , 7617
298 , 3755
298 , 7699
298 , 2555
298 , 8755
298 , 2429
298 , 7786
298 , 3517
298 , 7676
298 , 8087
298 , 3683
299 , 5403
299 , 397
299 , 7707
299 , 3203
299 , 8026
299 , 1675
299 , 7698
299 , 3870
299 , 7617
299 , 3755
299 , 7699
299 , 2555
299 , 8755
299 , 2429
299 , 7786
299 , 3517
299 , 7676
299 , 8087
300 , 5292
300 , 397
300 , 7707
300 , 3203
300 , 8026
300 , 1675
300 , 7698
300 , 3870
300 , 7617
300 , 3755
300 , 7699
300 , 2555
300 , 8755
300 , 2429
300 , 7786
300 , 3517
300 , 7676
300 , 8087
301 , 5475
301 , 397
301 , 7707
301 , 3203
301 , 8026
301 , 1675
301 , 7698
301 , 3870
301 , 7617
301 , 3755
301 , 7699
301 , 2555
301 , 8755
301 , 2429
301 , 7786
301 , 3517
301 , 7676
301 , 8087
301 , 3683
302 , 5898
302 , 397
302 , 7707
302 , 3203
302 , 8026
302 , 1675
302 , 7698
302 , 3870
302 , 7617
302 , 3755
302 , 7699
302 , 2555
302 , 8755
302 , 2429
302 , 7786
302 , 3517
302 , 7676
302 , 8087
303 , 5734
303 , 397
303 , 7707
303 , 3203
303 , 8026
303 , 1675
303 , 7698
303 , 3870
303 , 7617
303 , 3755
303 , 7699
303 , 2555
303 , 8755
303 , 2429
303 , 7786
303 , 3517
303 , 7676
303 , 8087
304 , 5117
304 , 397
304 , 7707
304 , 3203
304 , 8026
304 , 1675
304 , 7698
304 , 3870
304 , 7617
304 , 3755
304 , 7699
304 , 2555
304 , 8755
304 , 2429
304 , 7786
304 , 3517
304 , 7676
304 , 8087
305 , 5254
305 , 397
305 , 7707
305 , 3203
305 , 8026
305 , 1675
305 , 7698
305 , 3870
305 , 7617
305 , 3755
305 , 7699
305 , 2555
305 , 8755
305 , 2429
305 , 7786
305 , 3517
305 , 7676
305 , 8087
305 , 3683
306 , 5408
306 , 397
306 , 7707
306 , 3203
306 , 8026
306 , 1675
306 , 7698
306 , 3870
306 , 7617
306 , 3755
306 , 7699
306 , 2555
306 , 8755
306 , 2429
306 , 7786
306 , 3517
306 , 7676
306 , 8087
307 , 5842
307 , 397
307 , 7707
307 , 3203
307 , 8026
307 , 1675
307 , 7698
307 , 3870
307 , 7617
307 , 3755
307 , 7699
307 , 2555
307 , 8755
307 , 2429
307 , 7786
307 , 3517
307 , 7676
307 , 8087
307 , 3683
308 , 5972
308 , 397
308 , 7707
308 , 3203
308 , 8026
308 , 1675
308 , 7698
308 , 3870
308 , 7617
308 , 3755
308 , 7699
308 , 2555
308 , 8755
308 , 2429
308 , 7786
308 , 3517
308 , 7676
308 , 8087
308 , 3683
309 , 5629
309 , 397
309 , 7707
309 , 3203
309 , 8026
309 , 1675
309 , 7698
309 , 3870
309 , 7617
309 , 3755
309 , 7699
309 , 2555
309 , 8755
309 , 2429
309 , 7786
309 , 3517
309 , 7676
309 , 8087
309 , 3683
310 , 5425
310 , 397
310 , 7707
310 , 3203
310 , 8026
310 , 1675
310 , 7698
310 , 3870
310 , 7617
310 , 3755
310 , 7699
310 , 2555
310 , 8755
310 , 2429
310 , 7786
310 , 3517
310 , 7676
310 , 8087
310 , 3683
311 , 5649
311 , 397
311 , 7707
311 , 3203
311 , 8026
311 , 1675
311 , 7698
311 , 3870
311 , 7617
311 , 3755
311 , 7699
311 , 2555
311 , 8755
311 , 2429
311 , 7786
311 , 3517
311 , 7676
311 , 8087
311 , 3683
312 , 5216
312 , 397
312 , 7707
312 , 3203
312 , 8026
312 , 1675
312 , 7698
312 , 3870
312 , 7617
312 , 3755
312 , 7699
312 , 2555
312 , 8755
312 , 2429
312 , 7786
312 , 3517
312 , 7676
312 , 8087
312 , 3683
313 , 5572
313 , 397
313 , 7707
313 , 3203
313 , 8026
313 , 1675
313 , 7698
313 , 3870
313 , 7617
313 , 3755
313 , 7699
313 , 2555
313 , 8755
313 , 2429
313 , 7786
313 , 3517
313 , 7676
313 , 8087
314 , 5186
314 , 397
314 , 7707
314 , 3203
314 , 8026
314 , 1675
314 , 7698
314 , 3870
314 , 7617
314 , 3755
314 , 7699
314 , 2555
314 , 8755
314 , 2429
314 , 7786
314 , 3517
314 , 7676
314 , 8087
314 , 3683
315 , 5648
315 , 397
315 , 7707
315 , 3203
315 , 8026
315 , 1675
315 , 7698
315 , 3870
315 , 7617
315 , 3755
315 , 7699
315 , 2555
315 , 8755
315 , 2429
315 , 7786
315 , 3517
315 , 7676
315 , 8087
315 , 3683
316 , 5926
316 , 397
316 , 7707
316 , 3203
316 , 8026
316 , 1675
316 , 7698
316 , 3870
316 , 7617
316 , 3755
316 , 7699
316 , 2555
316 , 8755
316 , 2429
316 , 7786
316 , 3517
316 , 7676
316 , 8087
317 , 5250
317 , 397
317 , 7707
317 , 3203
317 , 8026
317 , 1675
317 , 7698
317 , 3870
317 , 7617
317 , 3755
317 , 7699
317 , 2555
317 , 8755
317 , 2429
317 , 7786
317 , 3517
317 , 7676
317 , 8087
318 , 5819
318 , 397
318 , 7707
318 , 3203
318 , 8026
318 , 1675
318 , 7698
318 , 3870
318 , 7617
318 , 3755
318 , 7699
318 , 2555
318 , 8755
318 , 2429
318 , 7786
318 , 3517
318 , 7676
318 , 8087
319 , 5493
319 , 397
319 , 7707
319 , 3203
319 , 8026
319 , 1675
319 , 7698
319 , 3870
319 , 7617
319 , 3755
319 , 7699
319 , 2555
319 , 8755
319 , 2429
319 , 7786
319 , 3517
319 , 7676
319 , 8087
319 , 8030
320 , 5468
320 , 397
320 , 7707
320 , 5870
320 , 3203
320 , 8026
320 , 1675
320 , 7698
320 , 3870
321 , 5557
321 , 397
321 , 7707
321 , 3203
321 , 8026
321 , 1675
321 , 7698
321 , 3870
321 , 7617
321 , 3755
321 , 7699
321 , 2555
321 , 8755
321 , 2429
321 , 7786
321 , 3517
321 , 7676
321 , 8087
322 , 5050
322 , 397
322 , 7707
322 , 3203
322 , 8026
322 , 1675
322 , 7698
322 , 3870
322 , 7617
322 , 3755
322 , 7699
322 , 2555
322 , 8755
322 , 2429
322 , 7786
322 , 3517
322 , 7676
322 , 8087
322 , 3683
323 , 5246
323 , 397
323 , 7707
323 , 3203
323 , 8026
323 , 1675
323 , 7698
323 , 3870
323 , 7617
323 , 3755
323 , 7699
323 , 2555
323 , 8755
323 , 2429
323 , 7786
323 , 3517
323 , 7676
323 , 8087
323 , 3683
324 , 5217
324 , 397
324 , 7707
324 , 3203
324 , 8026
324 , 1675
324 , 7698
324 , 3870
324 , 7617
324 , 3755
324 , 7699
324 , 2555
324 , 8755
324 , 2429
324 , 7786
324 , 3517
324 , 7676
324 , 8087
325 , 5193
325 , 397
325 , 7707
325 , 5786
325 , 3203
325 , 8026
325 , 1675
325 , 7698
325 , 7617
326 , 5309
326 , 397
326 , 7707
326 , 5782
326 , 3203
326 , 8026
326 , 1675
326 , 7698
326 , 7617
327 , 5659
327 , 397
327 , 7707
327 , 5939
327 , 3203
328 , 5245
328 , 397
328 , 7707
328 , 3203
328 , 8026
328 , 1675
328 , 7698
328 , 3870
328 , 7617
328 , 3755
328 , 7699
328 , 2555
328 , 8755
328 , 2429
328 , 7786
328 , 3517
328 , 7676
328 , 8087
328 , 3683
329 , 5265
329 , 397
329 , 7707
329 , 3203
329 , 8026
329 , 1675
329 , 7698
329 , 3870
329 , 7617
329 , 3755
329 , 7699
329 , 2555
329 , 8755
329 , 2429
329 , 7786
329 , 3517
329 , 7676
329 , 8087
329 , 3683
330 , 5982
330 , 397
330 , 7707
330 , 3203
330 , 8026
330 , 1675
330 , 7698
330 , 3870
330 , 7617
330 , 3755
330 , 7699
330 , 2555
330 , 8755
330 , 2429
330 , 7786
330 , 3517
330 , 7676
330 , 8087
331 , 5925
331 , 397
331 , 7707
331 , 3203
331 , 8026
331 , 1675
331 , 7698
331 , 3870
331 , 7617
331 , 3755
331 , 7699
331 , 2555
331 , 8755
331 , 2429
331 , 7786
331 , 3517
331 , 7676
331 , 8087
331 , 3683
332 , 5526
332 , 397
332 , 7707
332 , 3203
332 , 8026
332 , 1675
332 , 7698
332 , 3870
332 , 7617
332 , 3755
332 , 7699
332 , 2555
332 , 8755
332 , 2429
332 , 7786
332 , 3517
332 , 7676
332 , 8087
333 , 5547
333 , 397
333 , 7707
333 , 3203
333 , 8026
333 , 1675
333 , 7698
333 , 3870
333 , 7617
333 , 3755
333 , 7699
333 , 2555
333 , 8755
333 , 2429
333 , 7786
333 , 3517
333 , 7676
333 , 8087
334 , 5197
334 , 397
334 , 7707
334 , 5101
334 , 3203
334 , 8026
335 , 5742
335 , 397
335 , 7707
335 , 3203
335 , 8026
335 , 1675
335 , 7698
335 , 3870
335 , 7617
335 , 3755
335 , 7699
335 , 2555
335 , 8755
335 , 2429
335 , 7786
335 , 3517
335 , 7676
335 , 8087
335 , 3683
336 , 5174
336 , 397
336 , 7707
336 , 3203
336 , 8026
336 , 1675
336 , 7698
336 , 3870
336 , 7617
336 , 3755
336 , 7699
336 , 2555
336 , 8755
336 , 2429
336 , 7786
336 , 3517
336 , 7676
336 , 8087
337 , 5829
337 , 397
337 , 7707
337 , 3203
337 , 8026
337 , 1675
337 , 7698
337 , 3870
337 , 7617
337 , 3755
337 , 7699
337 , 2555
337 , 8755
337 , 2429
337 , 7786
337 , 3517
337 , 7676
337 , 8087
337 , 3683
338 , 5646
338 , 397
338 , 7707
338 , 3203
338 , 8026
338 , 1675
338 , 7698
338 , 3870
338 , 7617
338 , 3755
338 , 7699
338 , 2555
338 , 8755
338 , 2429
338 , 7786
338 , 3517
338 , 7676
338 , 8087
338 , 3683
339 , 5060
339 , 397
339 , 7707
339 , 3203
339 , 8026
339 , 1675
339 , 7698
339 , 3870
339 , 7617
339 , 3755
339 , 7699
339 , 2555
339 , 8755
339 , 2429
339 , 7786
339 , 3517
339 , 7676
339 , 8087
340 , 5280
340 , 397
340 , 7707
340 , 3203
340 , 8026
340 , 1675
340 , 7698
340 , 3870
340 , 7617
340 , 3755
340 , 7699
340 , 2555
340 , 8755
340 , 2429
340 , 7786
340 , 3517
340 , 7676
340 , 8087
340 , 3683
341 , 5079
341 , 397
341 , 7707
341 , 5077
341 , 3203
342 , 5417
342 , 397
342 , 7707
342 , 3203
342 , 8026
342 , 1675
342 , 7698
342 , 3870
342 , 7617
342 , 3755
342 , 7699
342 , 2555
342 , 8755
342 , 2429
342 , 7786
342 , 3517
342 , 7676
342 , 8087
342 , 3683
343 , 5105
343 , 397
343 , 7707
343 , 5346
343 , 3203
343 , 8026
343 , 1675
343 , 7698
343 , 7617
344 , 5491
344 , 397
344 , 7707
344 , 3203
344 , 8026
344 , 1675
344 , 7698
344 , 3870
344 , 7617
344 , 3755
344 , 7699
344 , 2555
344 , 8755
344 , 2429
344 , 7786
344 , 3517
344 , 7676
344 , 8087
344 , 3683
345 , 5404
345 , 397
345 , 7707
345 , 3203
345 , 8026
345 , 1675
345 , 7698
345 , 3870
345 , 7617
345 , 3755
345 , 7699
345 , 2555
345 , 8755
345 , 2429
345 , 7786
345 , 3517
345 , 7676
345 , 8087
346 , 5621
346 , 397
346 , 7707
346 , 5784
346 , 3203
346 , 8026
346 , 1675
346 , 7698
346 , 3870
346 , 7617
346 , 7699
347 , 5838
347 , 397
347 , 7707
347 , 3203
347 , 8026
347 , 1675
347 , 7698
347 , 3870
347 , 7617
347 , 3755
347 , 7699
347 , 2555
347 , 8755
347 , 2429
347 , 7786
347 , 3517
347 , 7676
347 , 8087
348 , 5880
348 , 397
348 , 7707
348 , 3203
348 , 8026
348 , 1675
348 , 7698
348 , 3870
348 , 7617
348 , 3755
348 , 7699
348 , 2555
348 , 8755
348 , 2429
348 , 7786
348 , 3517
348 , 7676
348 , 8087
349 , 5129
349 , 397
349 , 7707
349 , 5100
349 , 3203
349 , 8026
349 , 1675
349 , 7698
349 , 7617
350 , 5074
350 , 397
350 , 7707
350 , 3203
350 , 8026
350 , 1675
350 , 7698
350 , 3870
350 , 7617
350 , 3755
350 , 7699
350 , 2555
350 , 8755
350 , 2429
350 , 7786
350 , 3517
350 , 7676
350 , 8087
351 , 5931
351 , 397
351 , 7707
351 , 3203
351 , 8026
351 , 1675
351 , 7698
351 , 3870
351 , 7617
351 , 3755
351 , 7699
351 , 2555
351 , 8755
351 , 2429
351 , 7786
351 , 3517
351 , 7676
351 , 8087
351 , 3683
352 , 5916
352 , 397
352 , 7707
352 , 5809
352 , 3203
352 , 8026
352 , 1675
352 , 7698
352 , 3870
352 , 7617
352 , 7699
353 , 5623
353 , 397
353 , 7707
353 , 3203
353 , 8026
353 , 1675
353 , 7698
353 , 3870
353 , 7617
353 , 3755
353 , 7699
353 , 2555
353 , 8755
353 , 2429
353 , 7786
353 , 3517
353 , 7676
353 , 8087
353 , 3683
354 , 5770
354 , 397
354 , 7707
354 , 3203
354 , 8026
354 , 1675
354 , 7698
354 , 3870
354 , 7617
354 , 3755
354 , 7699
354 , 2555
354 , 8755
354 , 2429
354 , 7786
354 , 3517
354 , 7676
354 , 8087
354 , 8030
355 , 5275
355 , 397
355 , 7707
355 , 3203
355 , 8026
355 , 1675
355 , 7698
355 , 3870
355 , 7617
355 , 3755
355 , 7699
355 , 2555
355 , 8755
355 , 2429
355 , 7786
355 , 3517
355 , 7676
355 , 8087
355 , 8030
356 , 5971
356 , 397
356 , 7707
356 , 5531
357 , 5651
357 , 397
357 , 7707
357 , 3203
357 , 8026
357 , 1675
357 , 7698
357 , 3870
357 , 7617
357 , 3755
357 , 7699
357 , 2555
357 , 8755
357 , 2429
357 , 7786
357 , 3517
357 , 7676
357 , 8087
357 , 8030
358 , 5902
358 , 397
358 , 7707
358 , 5021
358 , 3203
358 , 8026
358 , 1675
358 , 7698
358 , 3870
358 , 7617
359 , 5543
359 , 397
359 , 7707
359 , 3203
359 , 8026
359 , 1675
359 , 7698
359 , 3870
359 , 7617
359 , 3755
359 , 7699
359 , 2555
359 , 8755
359 , 2429
359 , 7786
359 , 3517
359 , 7676
359 , 8087
359 , 8030
360 , 5561
360 , 397
360 , 7707
360 , 3203
360 , 8026
360 , 1675
360 , 7698
360 , 3870
360 , 7617
360 , 3755
360 , 7699
360 , 2555
360 , 8755
360 , 2429
360 , 7786
360 , 3517
360 , 7676
360 , 8087
360 , 8030
360 , 3683
361 , 5407
361 , 397
361 , 7707
361 , 3203
361 , 8026
361 , 1675
361 , 7698
361 , 3870
361 , 7617
361 , 3755
361 , 7699
361 , 2555
361 , 8755
361 , 2429
361 , 7786
361 , 3517
361 , 7676
361 , 8087
361 , 8030
362 , 5389
362 , 397
362 , 7707
362 , 3203
362 , 8026
362 , 1675
362 , 7698
362 , 3870
362 , 7617
362 , 3755
362 , 7699
362 , 2555
362 , 8755
362 , 2429
362 , 7786
362 , 3517
362 , 7676
362 , 8087
362 , 8030
363 , 5258
363 , 397
363 , 7707
363 , 3203
363 , 8026
363 , 1675
363 , 7698
363 , 3870
363 , 7617
363 , 3755
363 , 7699
363 , 2555
363 , 8755
363 , 2429
363 , 7786
363 , 3517
363 , 7676
363 , 8087
363 , 8030
363 , 3683
364 , 5723
364 , 397
364 , 7707
364 , 3203
364 , 8026
364 , 1675
364 , 7698
364 , 3870
364 , 7617
364 , 3755
364 , 7699
364 , 2555
364 , 8755
364 , 2429
364 , 7786
364 , 3517
364 , 7676
364 , 8087
364 , 8030
365 , 5338
365 , 397
365 , 7707
365 , 5680
365 , 3203
365 , 8026
365 , 1675
365 , 7698
365 , 3870
365 , 7617
366 , 5075
366 , 397
366 , 7707
366 , 3203
366 , 8026
366 , 1675
366 , 7698
366 , 3870
366 , 7617
366 , 3755
366 , 7699
366 , 2555
366 , 8755
366 , 2429
366 , 7786
366 , 3517
366 , 7676
366 , 8087
366 , 8030
366 , 3683
367 , 5314
367 , 397
367 , 7707
367 , 5872
367 , 3203
367 , 8026
367 , 1675
368 , 5624
368 , 397
368 , 7707
368 , 3203
368 , 8026
368 , 1675
368 , 7698
368 , 3870
368 , 7617
368 , 3755
368 , 7699
368 , 2555
368 , 8755
368 , 2429
368 , 7786
368 , 3517
368 , 7676
368 , 8087
368 , 8030
368 , 3683
369 , 5656
369 , 397
369 , 7707
369 , 3203
369 , 8026
369 , 1675
369 , 7698
369 , 3870
369 , 7617
369 , 3755
369 , 7699
369 , 2555
369 , 8755
369 , 2429
369 , 7786
369 , 3517
369 , 7676
369 , 8087
369 , 8030
370 , 5354
370 , 397
370 , 7707
370 , 5620
371 , 5488
371 , 397
371 , 7707
371 , 5897
371 , 3203
371 , 8026
371 , 1675
372 , 5855
372 , 397
372 , 7707
372 , 3203
372 , 8026
372 , 1675
372 , 7698
372 , 3870
372 , 7617
372 , 3755
372 , 7699
372 , 2555
372 , 8755
372 , 2429
372 , 7786
372 , 3517
372 , 7676
372 , 8087
372 , 8030
372 , 3683
373 , 5869
373 , 397
373 , 7707
373 , 3203
373 , 8026
373 , 1675
373 , 7698
373 , 3870
373 , 7617
373 , 3755
373 , 7699
373 , 2555
373 , 8755
373 , 2429
373 , 7786
373 , 3517
373 , 7676
373 , 8087
373 , 8030
374 , 5213
374 , 397
374 , 7707
374 , 3203
374 , 8026
374 , 1675
374 , 7698
374 , 3870
374 , 7617
374 , 3755
374 , 7699
374 , 2555
374 , 8755
374 , 2429
374 , 7786
374 , 3517
374 , 7676
374 , 8087
374 , 8030
375 , 5665
375 , 397
375 , 7707
375 , 3203
375 , 8026
375 , 1675
375 , 7698
375 , 3870
375 , 7617
375 , 3755
375 , 7699
375 , 2555
375 , 8755
375 , 2429
375 , 7786
375 , 3517
375 , 7676
375 , 3683
376 , 5145
376 , 397
376 , 7707
376 , 5647
376 , 8026
377 , 5291
377 , 397
377 , 7707
377 , 3203
377 , 8026
377 , 1675
377 , 7698
377 , 3870
377 , 7617
377 , 3755
377 , 7699
377 , 2555
377 , 8755
377 , 2429
377 , 7786
377 , 3517
377 , 7676
377 , 8087
377 , 8030
377 , 3683
378 , 5627
378 , 397
378 , 7707
378 , 3203
378 , 8026
378 , 1675
378 , 7698
378 , 3870
378 , 7617
378 , 3755
378 , 7699
378 , 2555
378 , 8755
378 , 2429
378 , 7786
378 , 3517
378 , 7676
378 , 8087
378 , 8030
379 , 5227
379 , 397
379 , 7707
379 , 3203
379 , 8026
379 , 1675
379 , 7698
379 , 3870
379 , 7617
379 , 3755
379 , 7699
379 , 2555
379 , 8755
379 , 2429
379 , 7786
379 , 3517
379 , 7676
379 , 8087
379 , 8030
379 , 3683
380 , 5380
380 , 397
380 , 7707
380 , 3203
380 , 8026
380 , 1675
380 , 7698
380 , 3870
380 , 7617
380 , 3755
380 , 7699
380 , 2555
380 , 8755
380 , 2429
380 , 7786
380 , 3517
380 , 7676
380 , 8087
380 , 8030
380 , 3683
381 , 5886
381 , 397
381 , 7707
381 , 3203
381 , 8026
381 , 1675
381 , 7698
381 , 3870
381 , 7617
381 , 3755
381 , 7699
381 , 2555
381 , 8755
381 , 2429
381 , 7786
381 , 3517
381 , 7676
381 , 8087
381 , 8030
382 , 5692
382 , 397
382 , 7707
382 , 3203
382 , 8026
382 , 1675
382 , 7698
382 , 3870
382 , 7617
382 , 3755
382 , 7699
382 , 2555
382 , 8755
382 , 2429
382 , 7786
382 , 3517
382 , 7676
382 , 8087
382 , 8030
383 , 5977
383 , 397
383 , 7707
383 , 3203
383 , 8026
383 , 1675
383 , 7698
383 , 3870
383 , 7617
383 , 3755
383 , 7699
383 , 2555
383 , 8755
383 , 2429
383 , 7786
383 , 3517
383 , 7676
383 , 8087
383 , 8030
383 , 3683
384 , 5390
384 , 397
384 , 7707
384 , 5693
384 , 8026
384 , 7698
385 , 5329
385 , 397
385 , 7707
385 , 3203
385 , 8026
385 , 1675
385 , 7698
385 , 3870
385 , 7617
385 , 3755
385 , 7699
385 , 2555
385 , 8755
385 , 2429
385 , 7786
385 , 3517
385 , 7676
385 , 8087
385 , 8030
386 , 5995
386 , 397
386 , 7707
386 , 5625
386 , 3203
387 , 5729
387 , 397
387 , 7707
387 , 5920
387 , 8026
388 , 5878
388 , 397
388 , 7707
388 , 3203
388 , 8026
388 , 1675
388 , 7698
388 , 3870
388 , 7617
388 , 3755
388 , 7699
388 , 2555
388 , 8755
388 , 2429
388 , 7786
388 , 3517
388 , 7676
388 , 8087
388 , 8030
388 , 8770
389 , 5587
389 , 397
389 , 7707
389 , 5707
389 , 8026
389 , 7698
390 , 5462
390 , 397
390 , 7707
390 , 3203
390 , 8026
390 , 1675
390 , 7698
390 , 3870
390 , 7617
390 , 3755
390 , 7699
390 , 2555
390 , 8755
390 , 2429
390 , 7786
390 , 3517
390 , 7676
390 , 3683
390 , 3215
391 , 5506
391 , 397
391 , 7707
391 , 3203
391 , 8026
391 , 1675
391 , 7698
391 , 3870
391 , 7617
391 , 3755
391 , 7699
391 , 2555
391 , 8755
391 , 2429
391 , 7786
391 , 3517
391 , 7676
391 , 3683
392 , 5159
392 , 397
392 , 7707
392 , 3203
392 , 8026
392 , 1675
392 , 7698
392 , 3870
392 , 7617
392 , 3755
392 , 7699
392 , 2555
392 , 8755
392 , 2429
392 , 7786
392 , 3517
392 , 7676
392 , 3683
393 , 5912
393 , 397
393 , 7707
393 , 5879
393 , 8026
393 , 7698
394 , 5106
394 , 397
394 , 7707
394 , 3203
394 , 8026
394 , 1675
394 , 7698
394 , 3870
394 , 7617
394 , 3755
394 , 7699
394 , 2555
394 , 8755
394 , 2429
394 , 7786
394 , 3517
394 , 7676
394 , 8087
394 , 8030
394 , 3683
395 , 5210
395 , 397
395 , 7707
395 , 5147
395 , 3203
396 , 5078
396 , 397
396 , 7707
396 , 3203
396 , 8026
396 , 1675
396 , 7698
396 , 3870
396 , 7617
396 , 3755
396 , 7699
396 , 2555
396 , 8755
396 , 2429
396 , 7786
396 , 3517
396 , 7676
396 , 3683
397 , 5419
397 , 397
397 , 7707
397 , 5735
397 , 3203
398 , 5310
398 , 397
398 , 7707
398 , 3203
398 , 8026
398 , 1675
398 , 7698
398 , 3870
398 , 7617
398 , 3755
398 , 7699
398 , 2555
398 , 8755
398 , 2429
398 , 7786
398 , 3517
398 , 7676
398 , 8087
398 , 8030
399 , 5461
399 , 397
399 , 7707
399 , 3203
399 , 8026
399 , 1675
399 , 7698
399 , 3870
399 , 7617
399 , 3755
399 , 7699
399 , 2555
399 , 8755
399 , 2429
399 , 7786
399 , 3517
399 , 7676
399 , 8087
399 , 8030
399 , 3683
400 , 5169
400 , 397
400 , 7707
400 , 3203
400 , 8026
400 , 1675
400 , 7698
400 , 3870
400 , 7617
400 , 3755
400 , 7699
400 , 2555
400 , 8755
400 , 2429
400 , 7786
400 , 3517
400 , 7676
400 , 8087
400 , 8030
400 , 3683
401 , 5609
401 , 397
401 , 7707
401 , 3203
401 , 8026
401 , 1675
401 , 7698
401 , 3870
401 , 7617
401 , 3755
401 , 7699
401 , 2555
401 , 8755
401 , 2429
401 , 7786
401 , 3517
401 , 7676
401 , 8087
401 , 8030
402 , 5302
402 , 397
402 , 7707
402 , 3203
402 , 8026
402 , 1675
402 , 7698
402 , 3870
402 , 7617
402 , 3755
402 , 7699
402 , 2555
402 , 8755
402 , 2429
402 , 7786
402 , 3517
402 , 7676
402 , 8087
402 , 8030
402 , 3683
403 , 5138
403 , 397
403 , 7707
403 , 3203
403 , 8026
403 , 1675
403 , 7698
403 , 3870
403 , 7617
403 , 3755
403 , 7699
403 , 2555
403 , 8755
403 , 2429
403 , 7786
403 , 3517
403 , 7676
403 , 8087
403 , 8030
404 , 5017
404 , 397
404 , 7707
404 , 3203
404 , 8026
404 , 1675
404 , 7698
404 , 3870
404 , 7617
404 , 3755
404 , 7699
404 , 2555
404 , 8755
404 , 2429
404 , 7786
404 , 3517
404 , 7676
404 , 8087
404 , 8030
404 , 3683
405 , 5335
405 , 397
405 , 7707
405 , 5067
405 , 3203
405 , 8026
406 , 5981
406 , 397
406 , 7707
406 , 3203
406 , 8026
406 , 1675
406 , 7698
406 , 3870
406 , 7617
406 , 3755
406 , 7699
406 , 2555
406 , 8755
406 , 2429
406 , 7786
406 , 3517
406 , 7676
406 , 8087
406 , 8030
407 , 5699
407 , 397
407 , 7707
407 , 3203
407 , 8026
407 , 1675
407 , 7698
407 , 3870
407 , 7617
407 , 3755
407 , 7699
407 , 2555
407 , 8755
407 , 2429
407 , 7786
407 , 3517
407 , 7676
407 , 8087
407 , 8030
407 , 3683
408 , 5678
408 , 397
408 , 7707
408 , 3203
408 , 8026
408 , 1675
408 , 7698
408 , 3870
408 , 7617
408 , 3755
408 , 7699
408 , 2555
408 , 8755
408 , 2429
408 , 7786
408 , 3517
408 , 7676
408 , 8087
408 , 8030
408 , 3683
409 , 5991
409 , 397
409 , 7707
409 , 3203
409 , 8026
409 , 1675
409 , 7698
409 , 3870
409 , 7617
409 , 3755
409 , 7699
409 , 2555
409 , 8755
409 , 2429
409 , 7786
409 , 3517
409 , 7676
409 , 8087
409 , 8030
409 , 3683
410 , 5563
410 , 397
410 , 7707
410 , 3203
410 , 8026
410 , 1675
410 , 7698
410 , 3870
410 , 7617
410 , 3755
410 , 7699
410 , 2555
410 , 8755
410 , 2429
410 , 7786
410 , 3517
410 , 7676
410 , 8087
410 , 8030
411 , 5612
411 , 397
411 , 7707
411 , 5166
411 , 8026
412 , 5003
412 , 397
412 , 7707
412 , 3203
412 , 8026
412 , 1675
412 , 7698
412 , 3870
412 , 7617
412 , 3755
412 , 7699
412 , 2555
412 , 8755
412 , 2429
412 , 7786
412 , 3517
412 , 7676
412 , 8087
412 , 8030
413 , 5367
413 , 397
413 , 7707
413 , 3203
413 , 8026
413 , 1675
413 , 7698
413 , 3870
413 , 7617
413 , 3755
413 , 7699
413 , 2555
413 , 8755
413 , 2429
413 , 7786
413 , 3517
413 , 7676
413 , 8087
413 , 8030
413 , 3683
414 , 5341
414 , 397
414 , 7707
414 , 5999
414 , 3203
414 , 8026
414 , 7698
414 , 7617
415 , 5343
415 , 397
415 , 7707
415 , 3203
415 , 8026
415 , 1675
415 , 7698
415 , 3870
415 , 7617
415 , 3755
415 , 7699
415 , 2555
415 , 8755
415 , 2429
415 , 7786
415 , 3517
415 , 7676
415 , 8087
415 , 8030
415 , 8770
416 , 5890
416 , 397
416 , 7707
416 , 3203
416 , 8026
416 , 1675
416 , 7698
416 , 3870
416 , 7617
416 , 3755
416 , 7699
416 , 2555
416 , 8755
416 , 2429
416 , 7786
416 , 3517
416 , 7676
416 , 8087
416 , 8030
417 , 5743
417 , 397
417 , 7707
417 , 3203
417 , 8026
417 , 1675
417 , 7698
417 , 3870
417 , 7617
417 , 3755
417 , 7699
417 , 2555
417 , 8755
417 , 2429
417 , 7786
417 , 3517
417 , 7676
417 , 8087
417 , 8030
418 , 5984
418 , 397
418 , 7707
418 , 5643
418 , 8026
419 , 5618
419 , 397
419 , 7707
419 , 3203
419 , 8026
419 , 1675
419 , 7698
419 , 3870
419 , 7617
419 , 3755
419 , 7699
419 , 2555
419 , 8755
419 , 2429
419 , 7786
419 , 3517
419 , 7676
419 , 8087
419 , 8030
419 , 3683
420 , 5107
420 , 397
420 , 7707
420 , 3203
420 , 8026
420 , 1675
420 , 7698
420 , 3870
420 , 7617
420 , 3755
420 , 7699
420 , 2555
420 , 8755
420 , 2429
420 , 7786
420 , 3517
420 , 7676
420 , 3683
421 , 5428
421 , 397
421 , 7707
421 , 3203
421 , 8026
421 , 1675
421 , 7698
421 , 3870
421 , 7617
421 , 3755
421 , 7699
421 , 2555
421 , 8755
421 , 2429
421 , 7786
421 , 3517
421 , 7676
421 , 8087
421 , 8030
421 , 3683
422 , 5415
422 , 397
422 , 7707
422 , 3203
422 , 8026
422 , 1675
422 , 7698
422 , 3870
422 , 7617
422 , 3755
422 , 7699
422 , 2555
422 , 8755
422 , 2429
422 , 7786
422 , 3517
422 , 7676
422 , 8087
422 , 8030
423 , 5668
423 , 397
423 , 7707
423 , 3203
423 , 8026
423 , 1675
423 , 7698
423 , 3870
423 , 7617
423 , 3755
423 , 7699
423 , 2555
423 , 8755
423 , 2429
423 , 7786
423 , 3517
423 , 7676
423 , 8087
423 , 8030
424 , 5552
424 , 397
424 , 7707
424 , 3203
424 , 8026
424 , 1675
424 , 7698
424 , 3870
424 , 7617
424 , 3755
424 , 7699
424 , 2555
424 , 8755
424 , 2429
424 , 7786
424 , 3517
424 , 7676
424 , 8087
424 , 8030
425 , 5298
425 , 397
425 , 7707
425 , 3203
425 , 8026
425 , 1675
425 , 7698
425 , 3870
425 , 7617
425 , 3755
425 , 7699
425 , 2555
425 , 8755
425 , 2429
425 , 7786
425 , 3517
425 , 7676
425 , 8087
425 , 8030
426 , 5721
426 , 397
426 , 7707
426 , 3203
426 , 8026
426 , 1675
426 , 7698
426 , 3870
426 , 7617
426 , 3755
426 , 7699
426 , 2555
426 , 8755
426 , 2429
426 , 7786
426 , 3517
426 , 7676
426 , 8087
426 , 8030
427 , 5520
427 , 397
427 , 7707
427 , 3203
427 , 8026
427 , 1675
427 , 7698
427 , 3870
427 , 7617
427 , 3755
427 , 7699
427 , 2555
427 , 8755
427 , 2429
427 , 7786
427 , 3517
427 , 7676
427 , 8087
427 , 8030
428 , 5914
428 , 397
428 , 7707
428 , 5492
428 , 3203
429 , 5372
429 , 397
429 , 7707
429 , 3203
429 , 8026
429 , 1675
429 , 7698
429 , 3870
429 , 7617
429 , 3755
429 , 7699
429 , 2555
429 , 8755
429 , 2429
429 , 7786
429 , 3517
429 , 7676
429 , 3683
429 , 8087
430 , 5150
430 , 397
430 , 7707
430 , 3203
430 , 8026
430 , 1675
430 , 7698
430 , 3870
430 , 7617
430 , 3755
430 , 7699
430 , 2555
430 , 8755
430 , 2429
430 , 7786
430 , 3517
430 , 7676
430 , 3683
430 , 8087
430 , 8030
431 , 5019
431 , 397
431 , 7707
431 , 3203
431 , 8026
431 , 1675
431 , 7698
431 , 3870
431 , 7617
431 , 3755
431 , 7699
431 , 2555
431 , 8755
431 , 2429
431 , 7786
431 , 3517
431 , 7676
431 , 8087
431 , 8030
431 , 3683
432 , 5287
432 , 397
432 , 7707
432 , 3203
432 , 8026
432 , 1675
432 , 7698
432 , 3870
432 , 7617
432 , 3755
432 , 7699
432 , 2555
432 , 8755
432 , 2429
432 , 7786
432 , 3517
432 , 7676
432 , 8087
432 , 8030
433 , 5018
433 , 397
433 , 7707
433 , 3203
433 , 8026
433 , 1675
433 , 7698
433 , 3870
433 , 7617
433 , 3755
433 , 7699
433 , 2555
433 , 8755
433 , 2429
433 , 7786
433 , 3517
433 , 7676
433 , 8087
433 , 8030
433 , 3683
434 , 5550
434 , 397
434 , 7707
434 , 3203
434 , 8026
434 , 1675
434 , 7698
434 , 3870
434 , 7617
434 , 3755
434 , 7699
434 , 2555
434 , 8755
434 , 2429
434 , 7786
434 , 3517
434 , 7676
434 , 8087
434 , 8030
435 , 5294
435 , 397
435 , 7707
435 , 3203
435 , 8026
435 , 1675
435 , 7698
435 , 3870
435 , 7617
435 , 3755
435 , 7699
435 , 2555
435 , 8755
435 , 2429
435 , 7786
435 , 3517
435 , 7676
435 , 8087
435 , 8030
436 , 5012
436 , 397
436 , 7707
436 , 3203
436 , 8026
436 , 1675
436 , 7698
436 , 3870
436 , 7617
436 , 3755
436 , 7699
436 , 2555
436 , 8755
436 , 2429
436 , 7786
436 , 3517
436 , 7676
436 , 8087
436 , 8030
436 , 3683
437 , 5965
437 , 397
437 , 7707
437 , 3203
437 , 8026
437 , 1675
437 , 7698
437 , 3870
437 , 7617
437 , 3755
437 , 7699
437 , 2555
437 , 8755
437 , 2429
437 , 7786
437 , 3517
437 , 7676
437 , 8087
437 , 8030
438 , 5559
438 , 397
438 , 7707
438 , 3203
438 , 8026
438 , 1675
438 , 7698
438 , 3870
438 , 7617
438 , 3755
438 , 7699
438 , 2555
438 , 8755
438 , 2429
438 , 7786
438 , 3517
438 , 7676
438 , 8087
438 , 8030
439 , 5866
439 , 397
439 , 7707
439 , 3203
439 , 8026
439 , 1675
439 , 7698
439 , 3870
439 , 7617
439 , 3755
439 , 7699
439 , 2555
439 , 8755
439 , 2429
439 , 7786
439 , 3517
439 , 7676
439 , 3683
440 , 5861
440 , 397
440 , 7707
440 , 3203
440 , 8026
440 , 1675
440 , 7698
440 , 3870
440 , 7617
440 , 3755
440 , 7699
440 , 2555
440 , 8755
440 , 2429
440 , 7786
440 , 3517
440 , 7676
440 , 3683
440 , 3215
441 , 5795
441 , 397
441 , 7707
441 , 5375
441 , 3203
441 , 8026
441 , 7698
442 , 5307
442 , 397
442 , 7707
442 , 3203
442 , 8026
442 , 1675
442 , 7698
442 , 3870
442 , 7617
442 , 3755
442 , 7699
442 , 2555
442 , 8755
442 , 2429
442 , 7786
442 , 3517
442 , 7676
442 , 3683
442 , 3215
443 , 5516
443 , 397
443 , 7707
443 , 5691
443 , 3203
443 , 8026
444 , 5324
444 , 397
444 , 7707
444 , 3203
444 , 8026
444 , 1675
444 , 7698
444 , 3870
444 , 7617
444 , 3755
444 , 7699
444 , 2555
444 , 8755
444 , 2429
444 , 7786
444 , 3517
444 , 7676
444 , 3683
445 , 5229
445 , 397
445 , 7707
445 , 5327
445 , 3203
445 , 8026
445 , 7698
446 , 5585
446 , 397
446 , 7707
446 , 3203
446 , 8026
446 , 1675
446 , 7698
446 , 3870
446 , 7617
446 , 3755
446 , 7699
446 , 2555
446 , 8755
446 , 2429
446 , 7786
446 , 3517
446 , 7676
446 , 3683
446 , 3215
447 , 5844
447 , 397
447 , 7707
447 , 5140
447 , 3203
447 , 8026
447 , 1675
447 , 7698
448 , 5143
448 , 397
448 , 7707
448 , 3203
448 , 8026
448 , 1675
448 , 7698
448 , 3870
448 , 7617
448 , 3755
448 , 7699
448 , 2555
448 , 8755
448 , 2429
448 , 7786
448 , 3517
448 , 7676
448 , 3683
448 , 3215
449 , 5524
449 , 397
449 , 7707
449 , 5575
449 , 3203
449 , 8026
449 , 1675
449 , 7698
449 , 7617
450 , 5418
450 , 397
450 , 7707
450 , 3203
450 , 8026
450 , 1675
450 , 7698
450 , 3870
450 , 7617
450 , 3755
450 , 7699
450 , 2555
450 , 8755
450 , 2429
450 , 7786
450 , 3517
450 , 7676
450 , 3683
451 , 5599
451 , 397
451 , 7707
451 , 3203
451 , 8026
451 , 1675
451 , 7698
451 , 3870
451 , 7617
451 , 3755
451 , 7699
451 , 2555
451 , 8755
451 , 2429
451 , 7786
451 , 3517
451 , 7676
451 , 3683
451 , 3215
452 , 5893
452 , 397
452 , 7707
452 , 3203
452 , 8026
452 , 1675
452 , 7698
452 , 3870
452 , 7617
452 , 3755
452 , 7699
452 , 2555
452 , 8755
452 , 2429
452 , 7786
452 , 3517
452 , 7676
452 , 3683
453 , 5640
453 , 397
453 , 7707
453 , 3203
453 , 8026
453 , 1675
453 , 7698
453 , 3870
453 , 7617
453 , 3755
453 , 7699
453 , 2555
453 , 8755
453 , 2429
453 , 7786
453 , 3517
453 , 7676
453 , 3683
453 , 3215
454 , 5801
454 , 397
454 , 7707
454 , 3203
454 , 8026
454 , 1675
454 , 7698
454 , 3870
454 , 7617
454 , 3755
454 , 7699
454 , 2555
454 , 8755
454 , 2429
454 , 7786
454 , 3517
454 , 7676
454 , 3683
455 , 5063
455 , 397
455 , 7707
455 , 3203
455 , 8026
455 , 1675
455 , 7698
455 , 3870
455 , 7617
455 , 3755
455 , 7699
455 , 2555
455 , 8755
455 , 2429
455 , 7786
455 , 3517
455 , 7676
455 , 3683
456 , 5013
456 , 397
456 , 7707
456 , 3203
456 , 8026
456 , 1675
456 , 7698
456 , 3870
456 , 7617
456 , 3755
456 , 7699
456 , 2555
456 , 8755
456 , 2429
456 , 7786
456 , 3517
456 , 7676
456 , 3683
456 , 3215
457 , 5728
457 , 397
457 , 7707
457 , 5535
457 , 8026
458 , 5571
458 , 397
458 , 7707
458 , 5996
458 , 3203
459 , 5660
459 , 397
459 , 7707
459 , 3203
459 , 8026
459 , 1675
459 , 7698
459 , 3870
459 , 7617
459 , 3755
459 , 7699
459 , 2555
459 , 8755
459 , 2429
459 , 7786
459 , 3517
459 , 7676
459 , 3683
459 , 8087
459 , 8030
460 , 5652
460 , 397
460 , 7707
460 , 3203
460 , 8026
460 , 1675
460 , 7698
460 , 3870
460 , 7617
460 , 3755
460 , 7699
460 , 2555
460 , 8755
460 , 2429
460 , 7786
460 , 3517
460 , 7676
460 , 3683
461 , 5481
461 , 397
461 , 7707
461 , 3203
461 , 8026
461 , 1675
461 , 7698
461 , 3870
461 , 7617
461 , 3755
461 , 7699
461 , 2555
461 , 8755
461 , 2429
461 , 7786
461 , 3517
461 , 7676
461 , 3683
461 , 3215
462 , 5554
462 , 397
462 , 7707
462 , 5382
462 , 3203
462 , 8026
462 , 7698
462 , 7617
463 , 5677
463 , 397
463 , 7707
463 , 3203
463 , 8026
463 , 1675
463 , 7698
463 , 3870
463 , 7617
463 , 3755
463 , 7699
463 , 2555
463 , 8755
463 , 2429
463 , 7786
463 , 3517
463 , 7676
463 , 3683
463 , 3215
464 , 5020
464 , 397
464 , 7707
464 , 3203
464 , 8026
464 , 1675
464 , 7698
464 , 3870
464 , 7617
464 , 3755
464 , 7699
464 , 2555
464 , 8755
464 , 2429
464 , 7786
464 , 3517
464 , 7676
464 , 3683
465 , 5581
465 , 397
465 , 7707
465 , 3203
465 , 8026
465 , 1675
465 , 7698
465 , 3870
465 , 7617
465 , 3755
465 , 7699
465 , 2555
465 , 8755
465 , 2429
465 , 7786
465 , 3517
465 , 7676
465 , 3683
465 , 3215
466 , 5033
466 , 397
466 , 7707
466 , 3203
466 , 8026
466 , 1675
466 , 7698
466 , 3870
466 , 7617
466 , 3755
466 , 7699
466 , 2555
466 , 8755
466 , 2429
466 , 7786
466 , 3517
466 , 7676
466 , 3683
466 , 3215
467 , 5992
467 , 397
467 , 7707
467 , 3203
467 , 8026
467 , 1675
467 , 7698
467 , 3870
467 , 7617
467 , 3755
467 , 7699
467 , 2555
467 , 8755
467 , 2429
467 , 7786
467 , 3517
467 , 7676
467 , 3683
467 , 3215
468 , 5411
468 , 397
468 , 7707
468 , 3203
468 , 8026
468 , 1675
468 , 7698
468 , 3870
468 , 7617
468 , 3755
468 , 7699
468 , 2555
468 , 8755
468 , 2429
468 , 7786
468 , 3517
468 , 7676
468 , 3683
468 , 3215
469 , 5053
469 , 397
469 , 7707
469 , 3203
469 , 8026
469 , 1675
469 , 7698
469 , 3870
469 , 7617
469 , 3755
469 , 7699
469 , 2555
469 , 8755
469 , 2429
469 , 7786
469 , 3517
469 , 7676
469 , 3683
470 , 5764
470 , 397
470 , 7707
470 , 3203
470 , 8026
470 , 1675
470 , 7698
470 , 3870
470 , 7617
470 , 3755
470 , 7699
470 , 2555
470 , 8755
470 , 2429
470 , 7786
470 , 3517
470 , 7676
470 , 3683
470 , 3215
471 , 5579
471 , 397
471 , 7707
471 , 3203
471 , 8026
471 , 1675
471 , 7698
471 , 3870
471 , 7617
471 , 3755
471 , 7699
471 , 2555
471 , 8755
471 , 2429
471 , 7786
471 , 3517
471 , 7676
471 , 3683
472 , 5527
472 , 397
472 , 7707
472 , 3203
472 , 8026
472 , 1675
472 , 7698
472 , 3870
472 , 7617
472 , 3755
472 , 7699
472 , 2555
472 , 8755
472 , 2429
472 , 7786
472 , 3517
472 , 7676
472 , 3683
472 , 8087
472 , 8030
473 , 5605
473 , 397
473 , 7707
473 , 3203
473 , 8026
473 , 1675
473 , 7698
473 , 3870
473 , 7617
473 , 3755
473 , 7699
473 , 2555
473 , 8755
473 , 2429
473 , 7786
473 , 3517
473 , 7676
473 , 3683
474 , 5325
474 , 397
474 , 7707
474 , 3203
474 , 8026
474 , 1675
474 , 7698
474 , 3870
474 , 7617
474 , 3755
474 , 7699
474 , 2555
474 , 8755
474 , 2429
474 , 7786
474 , 3517
474 , 7676
474 , 3683
474 , 8087
475 , 5810
475 , 397
475 , 7707
475 , 3203
475 , 8026
475 , 1675
475 , 7698
475 , 3870
475 , 7617
475 , 3755
475 , 7699
475 , 2555
475 , 8755
475 , 2429
475 , 7786
475 , 3517
475 , 7676
475 , 3683
475 , 3215
476 , 5755
476 , 397
476 , 7707
476 , 5756
476 , 8026
476 , 7698
477 , 5642
477 , 397
477 , 7707
477 , 3203
477 , 8026
477 , 1675
477 , 7698
477 , 3870
477 , 7617
477 , 3755
477 , 7699
477 , 2555
477 , 8755
477 , 2429
477 , 7786
477 , 3517
477 , 7676
477 , 3683
477 , 8087
478 , 5490
478 , 397
478 , 7707
478 , 3203
478 , 8026
478 , 1675
478 , 7698
478 , 3870
478 , 7617
478 , 3755
478 , 7699
478 , 2555
478 , 8755
478 , 2429
478 , 7786
478 , 3517
478 , 7676
478 , 3683
478 , 8087
479 , 5308
479 , 397
479 , 7707
479 , 3203
479 , 8026
479 , 1675
479 , 7698
479 , 3870
479 , 7617
479 , 3755
479 , 7699
479 , 2555
479 , 8755
479 , 2429
479 , 7786
479 , 3517
479 , 7676
479 , 3683
479 , 8087
480 , 5672
480 , 397
480 , 7707
480 , 3203
480 , 8026
480 , 1675
480 , 7698
480 , 3870
480 , 7617
480 , 3755
480 , 7699
480 , 2555
480 , 8755
480 , 2429
480 , 7786
480 , 3517
480 , 7676
480 , 3683
480 , 8087
480 , 8030
481 , 5042
481 , 397
481 , 7707
481 , 3203
481 , 8026
481 , 1675
481 , 7698
481 , 3870
481 , 7617
481 , 3755
481 , 7699
481 , 2555
481 , 8755
481 , 2429
481 , 7786
481 , 3517
481 , 7676
481 , 3683
482 , 5989
482 , 397
482 , 7707
482 , 3203
482 , 8026
482 , 1675
482 , 7698
482 , 3870
482 , 7617
482 , 3755
482 , 7699
482 , 2555
482 , 8755
482 , 2429
482 , 7786
482 , 3517
482 , 7676
482 , 3683
483 , 5477
483 , 397
483 , 7707
483 , 3203
483 , 8026
483 , 1675
483 , 7698
483 , 3870
483 , 7617
483 , 3755
483 , 7699
483 , 2555
483 , 8755
483 , 2429
483 , 7786
483 , 3517
483 , 7676
483 , 3683
484 , 5429
484 , 397
484 , 7707
484 , 5256
484 , 8026
485 , 5719
485 , 397
485 , 7707
485 , 3203
485 , 8026
485 , 1675
485 , 7698
485 , 3870
485 , 7617
485 , 3755
485 , 7699
485 , 2555
485 , 8755
485 , 2429
485 , 7786
485 , 3517
485 , 7676
485 , 3683
486 , 5763
486 , 397
486 , 7707
486 , 5849
486 , 8026
487 , 5674
487 , 397
487 , 7707
487 , 3203
487 , 8026
487 , 1675
487 , 7698
487 , 3870
487 , 7617
487 , 3755
487 , 7699
487 , 2555
487 , 8755
487 , 2429
487 , 7786
487 , 3517
487 , 7676
487 , 3683
487 , 3215
488 , 5203
488 , 397
488 , 7707
488 , 3203
488 , 8026
488 , 1675
488 , 7698
488 , 3870
488 , 7617
488 , 3755
488 , 7699
488 , 2555
488 , 8755
488 , 2429
488 , 7786
488 , 3517
488 , 7676
488 , 3683
488 , 8087
488 , 8030
489 , 5807
489 , 397
489 , 7707
489 , 3203
489 , 8026
489 , 1675
489 , 7698
489 , 3870
489 , 7617
489 , 3755
489 , 7699
489 , 2555
489 , 8755
489 , 2429
489 , 7786
489 , 3517
489 , 7676
489 , 3683
489 , 3215
490 , 5607
490 , 397
490 , 7707
490 , 3203
490 , 8026
490 , 1675
490 , 7698
490 , 3870
490 , 7617
490 , 3755
490 , 7699
490 , 2555
490 , 8755
490 , 2429
490 , 7786
490 , 3517
490 , 7676
490 , 3683
490 , 8087
490 , 8030
490 , 8770
491 , 5636
491 , 397
491 , 7707
491 , 3203
491 , 8026
491 , 1675
491 , 7698
491 , 3870
491 , 7617
491 , 3755
491 , 7699
491 , 2555
491 , 8755
491 , 2429
491 , 7786
491 , 3517
491 , 7676
491 , 3683
491 , 3215
492 , 5171
492 , 397
492 , 7707
492 , 3203
492 , 8026
492 , 1675
492 , 7698
492 , 3870
492 , 7617
492 , 3755
492 , 7699
492 , 2555
492 , 8755
492 , 2429
492 , 7786
492 , 3517
492 , 7676
492 , 3683
492 , 8087
492 , 8030
493 , 5055
493 , 397
493 , 7707
493 , 3203
493 , 8026
493 , 1675
493 , 7698
493 , 3870
493 , 7617
493 , 3755
493 , 7699
493 , 2555
493 , 8755
493 , 2429
493 , 7786
493 , 3517
493 , 7676
493 , 3683
494 , 5453
494 , 397
494 , 7707
494 , 3203
494 , 8026
494 , 1675
494 , 7698
494 , 3870
494 , 7617
494 , 3755
494 , 7699
494 , 2555
494 , 8755
494 , 2429
494 , 7786
494 , 3517
494 , 7676
494 , 3683
495 , 5131
495 , 397
495 , 7707
495 , 3203
495 , 8026
495 , 1675
495 , 7698
495 , 3870
495 , 7617
495 , 3755
495 , 7699
495 , 2555
495 , 8755
495 , 2429
495 , 7786
495 , 3517
495 , 7676
495 , 3683
495 , 8087
496 , 5499
496 , 397
496 , 7707
496 , 3203
496 , 8026
496 , 1675
496 , 7698
496 , 3870
496 , 7617
496 , 3755
496 , 7699
496 , 2555
496 , 8755
496 , 2429
496 , 7786
496 , 3517
496 , 7676
496 , 3683
496 , 3215
497 , 5774
497 , 397
497 , 7707
497 , 3203
497 , 8026
497 , 1675
497 , 7698
497 , 3870
497 , 7617
497 , 3755
497 , 7699
497 , 2555
497 , 8755
497 , 2429
497 , 7786
497 , 3517
497 , 7676
497 , 3683
498 , 5379
498 , 397
498 , 7707
498 , 3203
498 , 8026
498 , 1675
498 , 7698
498 , 3870
498 , 7617
498 , 3755
498 , 7699
498 , 2555
498 , 8755
498 , 2429
498 , 7786
498 , 3517
498 , 7676
498 , 3683
498 , 3215
499 , 5092
499 , 397
499 , 7707
499 , 3203
499 , 8026
499 , 1675
499 , 7698
499 , 3870
499 , 7617
499 , 3755
499 , 7699
499 , 2555
499 , 8755
499 , 2429
499 , 7786
499 , 3517
499 , 7676
499 , 3683
499 , 3215
500 , 5234
500 , 397
500 , 7707
500 , 3203
500 , 8026
500 , 1675
500 , 7698
500 , 3870
500 , 7617
500 , 3755
500 , 7699
500 , 2555
500 , 8755
500 , 2429
500 , 7786
500 , 3517
500 , 7676
500 , 3683
500 , 8087
500 , 8030
500 , 8770
501 , 5459
501 , 397
501 , 7707
501 , 5604
501 , 3203
502 , 5295
502 , 397
502 , 7707
502 , 3203
502 , 8026
502 , 1675
502 , 7698
502 , 3870
502 , 7617
502 , 3755
502 , 7699
502 , 2555
502 , 8755
502 , 2429
502 , 7786
502 , 3517
502 , 7676
502 , 3683
502 , 8087
502 , 8030
503 , 5122
503 , 397
503 , 7707
503 , 3203
503 , 8026
503 , 1675
503 , 7698
503 , 3870
503 , 7617
503 , 3755
503 , 7699
503 , 2555
503 , 8755
503 , 2429
503 , 7786
503 , 3517
503 , 7676
503 , 3683
503 , 8087
504 , 5650
504 , 397
504 , 7707
504 , 3203
504 , 8026
504 , 1675
504 , 7698
504 , 3870
504 , 7617
504 , 3755
504 , 7699
504 , 2555
504 , 8755
504 , 2429
504 , 7786
504 , 3517
504 , 7676
504 , 3683
504 , 8087
505 , 5602
505 , 397
505 , 7707
505 , 3203
505 , 8026
505 , 1675
505 , 7698
505 , 3870
505 , 7617
505 , 3755
505 , 7699
505 , 2555
505 , 8755
505 , 2429
505 , 7786
505 , 3517
505 , 7676
505 , 3683
505 , 8087
506 , 5746
506 , 397
506 , 7707
506 , 3203
506 , 8026
506 , 1675
506 , 7698
506 , 3870
506 , 7617
506 , 3755
506 , 7699
506 , 2555
506 , 8755
506 , 2429
506 , 7786
506 , 3517
506 , 7676
506 , 3683
506 , 8087
507 , 5184
507 , 397
507 , 7707
507 , 3203
507 , 8026
507 , 1675
507 , 7698
507 , 3870
507 , 7617
507 , 3755
507 , 7699
507 , 2555
507 , 8755
507 , 2429
507 , 7786
507 , 3517
507 , 7676
507 , 3683
507 , 8087
508 , 5165
508 , 397
508 , 7707
508 , 5600
508 , 8026
508 , 7698
509 , 5720
509 , 397
509 , 7707
509 , 3203
509 , 8026
509 , 1675
509 , 7698
509 , 3870
509 , 7617
509 , 3755
509 , 7699
509 , 2555
509 , 8755
509 , 2429
509 , 7786
509 , 3517
509 , 7676
509 , 3683
509 , 8087
509 , 3215
510 , 5966
510 , 397
510 , 7707
510 , 3203
510 , 8026
510 , 1675
510 , 7698
510 , 3870
510 , 7617
510 , 3755
510 , 7699
510 , 2555
510 , 8755
510 , 2429
510 , 7786
510 , 3517
510 , 7676
510 , 3683
510 , 8087
511 , 5388
511 , 397
511 , 7707
511 , 3203
511 , 8026
511 , 1675
511 , 7698
511 , 3870
511 , 7617
511 , 3755
511 , 7699
511 , 2555
511 , 8755
511 , 2429
511 , 7786
511 , 3517
511 , 7676
511 , 3683
511 , 8087
512 , 5876
512 , 397
512 , 7707
512 , 3203
512 , 8026
512 , 1675
512 , 7698
512 , 3870
512 , 7617
512 , 3755
512 , 7699
512 , 2555
512 , 8755
512 , 2429
512 , 7786
512 , 3517
512 , 7676
512 , 3683
512 , 8087
513 , 5994
513 , 397
513 , 7707
513 , 3203
513 , 8026
513 , 1675
513 , 7698
513 , 3870
513 , 7617
513 , 3755
513 , 7699
513 , 2555
513 , 8755
513 , 2429
513 , 7786
513 , 3517
513 , 7676
513 , 3683
513 , 8087
514 , 5945
514 , 397
514 , 7707
514 , 3203
514 , 8026
514 , 1675
514 , 7698
514 , 3870
514 , 7617
514 , 3755
514 , 7699
514 , 2555
514 , 8755
514 , 2429
514 , 7786
514 , 3517
514 , 7676
514 , 3683
514 , 8087
514 , 3215
515 , 5097
515 , 397
515 , 7707
515 , 3203
515 , 8026
515 , 1675
515 , 7698
515 , 3870
515 , 7617
515 , 3755
515 , 7699
515 , 2555
515 , 8755
515 , 2429
515 , 7786
515 , 3517
515 , 7676
515 , 3683
515 , 8087
516 , 5889
516 , 397
516 , 7707
516 , 3203
516 , 8026
516 , 1675
516 , 7698
516 , 3870
516 , 7617
516 , 3755
516 , 7699
516 , 2555
516 , 8755
516 , 2429
516 , 7786
516 , 3517
516 , 7676
516 , 3683
516 , 8087
516 , 3215
517 , 5956
517 , 397
517 , 7707
517 , 5340
518 , 5339
518 , 397
518 , 7707
518 , 3203
518 , 8026
518 , 1675
518 , 7698
518 , 3870
518 , 7617
518 , 3755
518 , 7699
518 , 2555
518 , 8755
518 , 2429
518 , 7786
518 , 3517
518 , 7676
518 , 3683
518 , 8087
519 , 5225
519 , 397
519 , 7707
519 , 3203
519 , 8026
519 , 1675
519 , 7698
519 , 3870
519 , 7617
519 , 3755
519 , 7699
519 , 2555
519 , 8755
519 , 2429
519 , 7786
519 , 3517
519 , 7676
519 , 3683
519 , 8087
519 , 3215
520 , 5834
520 , 397
520 , 7707
520 , 3203
520 , 8026
520 , 1675
520 , 7698
520 , 3870
520 , 7617
520 , 3755
520 , 7699
520 , 2555
520 , 8755
520 , 2429
520 , 7786
520 , 3517
520 , 7676
520 , 3683
520 , 8087
520 , 3215
521 , 5983
521 , 397
521 , 7707
521 , 3203
521 , 8026
521 , 1675
521 , 7698
521 , 3870
521 , 7617
521 , 3755
521 , 7699
521 , 2555
521 , 8755
521 , 2429
521 , 7786
521 , 3517
521 , 7676
521 , 3683
521 , 8087
522 , 5458
522 , 397
522 , 7707
522 , 3203
522 , 8026
522 , 1675
522 , 7698
522 , 3870
522 , 7617
522 , 3755
522 , 7699
522 , 2555
522 , 8755
522 , 2429
522 , 7786
522 , 3517
522 , 7676
522 , 3683
522 , 8087
522 , 8030
522 , 8770
523 , 5402
523 , 397
523 , 7707
523 , 3203
523 , 8026
523 , 1675
523 , 7698
523 , 3870
523 , 7617
523 , 3755
523 , 7699
523 , 2555
523 , 8755
523 , 2429
523 , 7786
523 , 3517
523 , 7676
523 , 3683
523 , 8087
524 , 5927
524 , 397
524 , 7707
524 , 3203
524 , 8026
524 , 1675
524 , 7698
524 , 3870
524 , 7617
524 , 3755
524 , 7699
524 , 2555
524 , 8755
524 , 2429
524 , 7786
524 , 3517
524 , 7676
524 , 3683
524 , 8087
524 , 3215
525 , 5700
525 , 397
525 , 7707
525 , 3203
525 , 8026
525 , 1675
525 , 7698
525 , 3870
525 , 7617
525 , 3755
525 , 7699
525 , 2555
525 , 8755
525 , 2429
525 , 7786
525 , 3517
525 , 7676
525 , 3683
525 , 8087
526 , 5465
526 , 397
526 , 7707
526 , 3203
526 , 8026
526 , 1675
526 , 7698
526 , 3870
526 , 7617
526 , 3755
526 , 7699
526 , 2555
526 , 8755
526 , 2429
526 , 7786
526 , 3517
526 , 7676
526 , 3683
526 , 8087
527 , 5805
527 , 397
527 , 7707
527 , 5613
527 , 3203
527 , 8026
528 , 5716
528 , 397
528 , 7707
528 , 3203
528 , 8026
528 , 1675
528 , 7698
528 , 3870
528 , 7617
528 , 3755
528 , 7699
528 , 2555
528 , 8755
528 , 2429
528 , 7786
528 , 3517
528 , 7676
528 , 3683
528 , 8087
528 , 3215
529 , 5562
529 , 397
529 , 7707
529 , 5739
529 , 3203
530 , 5932
530 , 397
530 , 7707
530 , 3203
530 , 8026
530 , 1675
530 , 7698
530 , 3870
530 , 7617
530 , 3755
530 , 7699
530 , 2555
530 , 8755
530 , 2429
530 , 7786
530 , 3517
530 , 7676
530 , 3683
530 , 8087
530 , 8030
530 , 3215
531 , 5094
531 , 397
531 , 7707
531 , 3203
531 , 8026
531 , 1675
531 , 7698
531 , 3870
531 , 7617
531 , 3755
531 , 7699
531 , 2555
531 , 8755
531 , 2429
531 , 7786
531 , 3517
531 , 7676
531 , 3683
531 , 8087
531 , 8030
531 , 3215
532 , 5681
532 , 397
532 , 7707
532 , 3203
532 , 8026
532 , 1675
532 , 7698
532 , 3870
532 , 7617
532 , 3755
532 , 7699
532 , 2555
532 , 8755
532 , 2429
532 , 7786
532 , 3517
532 , 7676
532 , 3683
532 , 8087
532 , 8030
533 , 5194
533 , 397
533 , 7707
533 , 5405
533 , 3203
533 , 8026
533 , 7698
534 , 5046
534 , 397
534 , 7707
534 , 5180
535 , 5712
535 , 397
535 , 7707
535 , 3203
535 , 8026
535 , 1675
535 , 7698
535 , 3870
535 , 7617
535 , 3755
535 , 7699
535 , 2555
535 , 8755
535 , 2429
535 , 7786
535 , 3517
535 , 7676
535 , 3683
535 , 8087
535 , 8030
536 , 5224
536 , 397
536 , 7707
536 , 3203
536 , 8026
536 , 1675
536 , 7698
536 , 3870
536 , 7617
536 , 3755
536 , 7699
536 , 2555
536 , 8755
536 , 2429
536 , 7786
536 , 3517
536 , 7676
536 , 3683
536 , 8087
536 , 8030
537 , 5584
537 , 397
537 , 7707
537 , 5597
537 , 8026
538 , 5663
538 , 397
538 , 7707
538 , 3203
538 , 8026
538 , 1675
538 , 7698
538 , 3870
538 , 7617
538 , 3755
538 , 7699
538 , 2555
538 , 8755
538 , 2429
538 , 7786
538 , 3517
538 , 7676
538 , 3683
538 , 8087
538 , 8030
538 , 3215
539 , 5859
539 , 397
539 , 7707
539 , 5277
539 , 8026
540 , 5670
540 , 397
540 , 7707
540 , 3203
540 , 8026
540 , 1675
540 , 7698
540 , 3870
540 , 7617
540 , 3755
540 , 7699
540 , 2555
540 , 8755
540 , 2429
540 , 7786
540 , 3517
540 , 7676
540 , 3683
540 , 8087
540 , 8030
541 , 5282
541 , 397
541 , 7707
541 , 3203
541 , 8026
541 , 1675
541 , 7698
541 , 3870
541 , 7617
541 , 3755
541 , 7699
541 , 2555
541 , 8755
541 , 2429
541 , 7786
541 , 3517
541 , 7676
541 , 3683
541 , 8087
541 , 8030
542 , 5485
542 , 397
542 , 7707
542 , 3203
542 , 8026
542 , 1675
542 , 7698
542 , 3870
542 , 7617
542 , 3755
542 , 7699
542 , 2555
542 , 8755
542 , 2429
542 , 7786
542 , 3517
542 , 7676
542 , 3683
542 , 8087
542 , 8030
542 , 3215
543 , 5540
543 , 397
543 , 7707
543 , 5781
543 , 3203
544 , 5545
544 , 397
544 , 7707
544 , 3203
544 , 8026
544 , 1675
544 , 7698
544 , 3870
544 , 7617
544 , 3755
544 , 7699
544 , 2555
544 , 8755
544 , 2429
544 , 7786
544 , 3517
544 , 7676
544 , 3683
544 , 8087
544 , 8030
545 , 5560
545 , 397
545 , 7707
545 , 3203
545 , 8026
545 , 1675
545 , 7698
545 , 3870
545 , 7617
545 , 3755
545 , 7699
545 , 2555
545 , 8755
545 , 2429
545 , 7786
545 , 3517
545 , 7676
545 , 3683
545 , 8087
545 , 8030
545 , 3215
546 , 5201
546 , 397
546 , 7707
546 , 3203
546 , 8026
546 , 1675
546 , 7698
546 , 3870
546 , 7617
546 , 3755
546 , 7699
546 , 2555
546 , 8755
546 , 2429
546 , 7786
546 , 3517
546 , 7676
546 , 3683
546 , 8087
546 , 8030
546 , 3215
547 , 5089
547 , 397
547 , 7707
547 , 3203
547 , 8026
547 , 1675
547 , 7698
547 , 3870
547 , 7617
547 , 3755
547 , 7699
547 , 2555
547 , 8755
547 , 2429
547 , 7786
547 , 3517
547 , 7676
547 , 3683
547 , 8087
547 , 8030
547 , 8770
548 , 5634
548 , 397
548 , 7707
548 , 3203
548 , 8026
548 , 1675
548 , 7698
548 , 3870
548 , 7617
548 , 3755
548 , 7699
548 , 2555
548 , 8755
548 , 2429
548 , 7786
548 , 3517
548 , 7676
548 , 3683
548 , 8087
548 , 3215
549 , 5026
549 , 397
549 , 7707
549 , 3203
549 , 8026
549 , 1675
549 , 7698
549 , 3870
549 , 7617
549 , 3755
549 , 7699
549 , 2555
549 , 8755
549 , 2429
549 , 7786
549 , 3517
549 , 7676
549 , 3683
549 , 8087
549 , 3215
550 , 5253
550 , 397
550 , 7707
550 , 3203
550 , 8026
550 , 1675
550 , 7698
550 , 3870
550 , 7617
550 , 3755
550 , 7699
550 , 2555
550 , 8755
550 , 2429
550 , 7786
550 , 3517
550 , 7676
550 , 3683
550 , 8087
550 , 3215
550 , 2848
551 , 5426
551 , 397
551 , 7707
551 , 5392
551 , 3203
551 , 8026
552 , 5881
552 , 397
552 , 7707
552 , 5051
552 , 8026
552 , 7698
553 , 5215
553 , 397
553 , 7707
553 , 5591
553 , 8026
554 , 5701
554 , 397
554 , 7707
554 , 3203
554 , 8026
554 , 1675
554 , 7698
554 , 3870
554 , 7617
554 , 3755
554 , 7699
554 , 2555
554 , 8755
554 , 2429
554 , 7786
554 , 3517
554 , 7676
554 , 3683
554 , 8087
554 , 3215
555 , 5439
555 , 397
555 , 7707
555 , 5009
555 , 8026
555 , 7698
556 , 5718
556 , 397
556 , 7707
556 , 3203
556 , 8026
556 , 1675
556 , 7698
556 , 3870
556 , 7617
556 , 3755
556 , 7699
556 , 2555
556 , 8755
556 , 2429
556 , 7786
556 , 3517
556 , 7676
556 , 3683
556 , 8087
556 , 3215
556 , 8030
557 , 5221
557 , 397
557 , 7707
557 , 5433
557 , 8026
558 , 5467
558 , 397
558 , 7707
558 , 5155
558 , 3203
559 , 5228
559 , 397
559 , 7707
559 , 3203
559 , 8026
559 , 1675
559 , 7698
559 , 3870
559 , 7617
559 , 3755
559 , 7699
559 , 2555
559 , 8755
559 , 2429
559 , 7786
559 , 3517
559 , 7676
559 , 3683
559 , 8087
559 , 3215
559 , 8030
559 , 8770
560 , 5436
560 , 397
560 , 7707
560 , 3203
560 , 8026
560 , 1675
560 , 7698
560 , 3870
560 , 7617
560 , 3755
560 , 7699
560 , 2555
560 , 8755
560 , 2429
560 , 7786
560 , 3517
560 , 7676
560 , 3683
560 , 8087
560 , 3215
560 , 8030
560 , 2848
560 , 8770
561 , 5081
561 , 397
561 , 7707
561 , 5935
561 , 3203
561 , 8026
561 , 1675
562 , 5845
562 , 397
562 , 7707
562 , 5549
562 , 3203
562 , 8026
562 , 1675
562 , 7698
